run_index,scenario_seed,allocation_json,spawn_plan_json,goal_plan_json,fcfs_total_time,fixed_heuristic_total_time,bo_heuristic_total_time,best_policy,best_total_time,second_best_total_time,margin_to_second,is_tie
0,30000,"{""EAST"": 5, ""NORTH"": 2, ""SOUTH"": 5, ""WEST"": 4}","{""EAST"": [1, 1, 1, 4, 8], ""NORTH"": [4, 8], ""SOUTH"": [0, 0, 2, 4, 8], ""WEST"": [0, 6, 7, 8]}","{""EAST"": [""N_EXIT"", ""N_EXIT"", ""W_EXIT"", ""N_EXIT"", ""N_EXIT""], ""NORTH"": [""W_EXIT"", ""S_EXIT""], ""SOUTH"": [""N_EXIT"", ""W_EXIT"", ""W_EXIT"", ""N_EXIT"", ""W_EXIT""], ""WEST"": [""E_EXIT"", ""N_EXIT"", ""N_EXIT"", ""E_EXIT""]}",56,55,54,bo_heuristic,54,55,1,False
1,30001,"{""EAST"": 5, ""NORTH"": 4, ""SOUTH"": 4, ""WEST"": 3}","{""EAST"": [0, 3, 6, 7, 8], ""NORTH"": [2, 3, 4, 5], ""SOUTH"": [0, 3, 4, 7], ""WEST"": [0, 8, 8]}","{""EAST"": [""S_EXIT"", ""W_EXIT"", ""N_EXIT"", ""S_EXIT"", ""W_EXIT""], ""NORTH"": [""W_EXIT"", ""W_EXIT"", ""W_EXIT"", ""W_EXIT""], ""SOUTH"": [""W_EXIT"", ""N_EXIT"", ""N_EXIT"", ""W_EXIT""], ""WEST"": [""N_EXIT"", ""E_EXIT"", ""E_EXIT""]}",51,52,48,bo_heuristic,48,51,3,False
2,30002,"{""EAST"": 4, ""NORTH"": 4, ""SOUTH"": 5, ""WEST"": 3}","{""EAST"": [0, 2, 5, 8], ""NORTH"": [1, 4, 6, 6], ""SOUTH"": [0, 0, 1, 2, 4], ""WEST"": [2, 2, 6]}","{""EAST"": [""W_EXIT"", ""S_EXIT"", ""W_EXIT"", ""W_EXIT""], ""NORTH"": [""S_EXIT"", ""E_EXIT"", ""S_EXIT"", ""S_EXIT""], ""SOUTH"": [""W_EXIT"", ""N_EXIT"", ""W_EXIT"", ""W_EXIT"", ""N_EXIT""], ""WEST"": [""S_EXIT"", ""N_EXIT"", ""S_EXIT""]}",61,56,56,"fixed_heuristic,bo_heuristic",56,56,0,True
3,30003,"{""EAST"": 4, ""NORTH"": 4, ""SOUTH"": 3, ""WEST"": 5}","{""EAST"": [3, 3, 5, 5], ""NORTH"": [0, 1, 4, 5], ""SOUTH"": [5, 8, 8], ""WEST"": [4, 5, 6, 7, 7]}","{""EAST"": [""N_EXIT"", ""S_EXIT"", ""S_EXIT"", ""N_EXIT""], ""NORTH"": [""S_EXIT"", ""E_EXIT"", ""W_EXIT"", ""E_EXIT""], ""SOUTH"": [""N_EXIT"", ""N_EXIT"", ""W_EXIT""], ""WEST"": [""S_EXIT"", ""E_EXIT"", ""E_EXIT"", ""E_EXIT"", ""E_EXIT""]}",60,56,56,"fixed_heuristic,bo_heuristic",56,56,0,True
4,30004,"{""EAST"": 3, ""NORTH"": 6, ""SOUTH"": 3, ""WEST"": 4}","{""EAST"": [1, 3, 7], ""NORTH"": [1, 4, 4, 4, 7, 7], ""SOUTH"": [0, 5, 8], ""WEST"": [1, 2, 4, 5]}","{""EAST"": [""N_EXIT"", ""S_EXIT"", ""S_EXIT""], ""NORTH"": [""E_EXIT"", ""E_EXIT"", ""W_EXIT"", ""E_EXIT"", ""E_EXIT"", ""E_EXIT""], ""SOUTH"": [""W_EXIT"", ""W_EXIT"", ""N_EXIT""], ""WEST"": [""E_EXIT"", ""S_EXIT"", ""E_EXIT"", ""S_EXIT""]}",59,58,58,"fixed_heuristic,bo_heuristic",58,58,0,True
5,30005,"{""EAST"": 4, ""NORTH"": 5, ""SOUTH"": 3, ""WEST"": 4}","{""EAST"": [1, 4, 5, 5], ""NORTH"": [0, 1, 2, 6, 7], ""SOUTH"": [1, 1, 7], ""WEST"": [1, 5, 5, 7]}","{""EAST"": [""N_EXIT"", ""W_EXIT"", ""S_EXIT"", ""N_EXIT""], ""NORTH"": [""S_EXIT"", ""W_EXIT"", ""W_EXIT"", ""W_EXIT"", ""S_EXIT""], ""SOUTH"": [""W_EXIT"", ""N_EXIT"", ""W_EXIT""], ""WEST"": [""S_EXIT"", ""E_EXIT"", ""S_EXIT"", ""S_EXIT""]}",49,43,43,"fixed_heuristic,bo_heuristic",43,43,0,True
6,30006,"{""EAST"": 3, ""NORTH"": 4, ""SOUTH"": 4, ""WEST"": 5}","{""EAST"": [2, 3, 7], ""NORTH"": [0, 1, 6, 7], ""SOUTH"": [3, 3, 8, 8], ""WEST"": [1, 3, 6, 7, 8]}","{""EAST"": [""N_EXIT"", ""N_EXIT"", ""S_EXIT""], ""NORTH"": [""E_EXIT"", ""W_EXIT"", ""S_EXIT"", ""S_EXIT""], ""SOUTH"": [""E_EXIT"", ""N_EXIT"", ""N_EXIT"", ""E_EXIT""], ""WEST"": [""S_EXIT"", ""E_EXIT"", ""N_EXIT"", ""S_EXIT"", ""S_EXIT""]}",45,45,43,bo_heuristic,43,45,2,False
7,30007,"{""EAST"": 3, ""NORTH"": 4, ""SOUTH"": 6, ""WEST"": 3}","{""EAST"": [3, 8, 8], ""NORTH"": [2, 3, 5, 6], ""SOUTH"": [3, 3, 4, 6, 8, 8], ""WEST"": [0, 4, 8]}","{""EAST"": [""S_EXIT"", ""S_EXIT"", ""N_EXIT""], ""NORTH"": [""E_EXIT"", ""E_EXIT"", ""W_EXIT"", ""E_EXIT""], ""SOUTH"": [""W_EXIT"", ""N_EXIT"", ""E_EXIT"", ""W_EXIT"", ""N_EXIT"", ""W_EXIT""], ""WEST"": [""N_EXIT"", ""N_EXIT"", ""N_EXIT""]}",66,60,66,fixed_heuristic,60,66,6,False
8,30008,"{""EAST"": 3, ""NORTH"": 4, ""SOUTH"": 5, ""WEST"": 4}","{""EAST"": [3, 5, 6], ""NORTH"": [0, 3, 3, 7], ""SOUTH"": [0, 1, 5, 6, 7], ""WEST"": [0, 4, 7, 8]}","{""EAST"": [""W_EXIT"", ""W_EXIT"", ""N_EXIT""], ""NORTH"": [""W_EXIT"", ""W_EXIT"", ""W_EXIT"", ""E_EXIT""], ""SOUTH"": [""N_EXIT"", ""N_EXIT"", ""W_EXIT"", ""N_EXIT"", ""N_EXIT""], ""WEST"": [""N_EXIT"", ""S_EXIT"", ""E_EXIT"", ""N_EXIT""]}",57,47,47,"fixed_heuristic,bo_heuristic",47,47,0,True
9,30009,"{""EAST"": 5, ""NORTH"": 3, ""SOUTH"": 3, ""WEST"": 5}","{""EAST"": [0, 1, 3, 3, 6], ""NORTH"": [1, 5, 7], ""SOUTH"": [0, 4, 8], ""WEST"": [3, 5, 6, 6, 8]}","{""EAST"": [""N_EXIT"", ""W_EXIT"", ""W_EXIT"", ""S_EXIT"", ""S_EXIT""], ""NORTH"": [""W_EXIT"", ""E_EXIT"", ""W_EXIT""], ""SOUTH"": [""E_EXIT"", ""W_EXIT"", ""E_EXIT""], ""WEST"": [""S_EXIT"", ""E_EXIT"", ""N_EXIT"", ""E_EXIT"", ""S_EXIT""]}",55,49,49,"fixed_heuristic,bo_heuristic",49,49,0,True
10,30010,"{""EAST"": 2, ""NORTH"": 6, ""SOUTH"": 5, ""WEST"": 3}","{""EAST"": [4, 5], ""NORTH"": [1, 3, 4, 6, 7, 8], ""SOUTH"": [0, 2, 2, 3, 4], ""WEST"": [2, 5, 6]}","{""EAST"": [""N_EXIT"", ""N_EXIT""], ""NORTH"": [""S_EXIT"", ""S_EXIT"", ""S_EXIT"", ""W_EXIT"", ""W_EXIT"", ""W_EXIT""], ""SOUTH"": [""E_EXIT"", ""E_EXIT"", ""W_EXIT"", ""N_EXIT"", ""W_EXIT""], ""WEST"": [""N_EXIT"", ""S_EXIT"", ""N_EXIT""]}",50,46,46,"fixed_heuristic,bo_heuristic",46,46,0,True
11,30011,"{""EAST"": 4, ""NORTH"": 5, ""SOUTH"": 3, ""WEST"": 4}","{""EAST"": [0, 3, 5, 5], ""NORTH"": [3, 3, 4, 7, 8], ""SOUTH"": [0, 4, 7], ""WEST"": [1, 2, 8, 8]}","{""EAST"": [""W_EXIT"", ""W_EXIT"", ""W_EXIT"", ""N_EXIT""], ""NORTH"": [""E_EXIT"", ""E_EXIT"", ""W_EXIT"", ""W_EXIT"", ""E_EXIT""], ""SOUTH"": [""N_EXIT"", ""E_EXIT"", ""E_EXIT""], ""WEST"": [""E_EXIT"", ""E_EXIT"", ""S_EXIT"", ""N_EXIT""]}",54,45,47,fixed_heuristic,45,47,2,False
12,30012,"{""EAST"": 6, ""NORTH"": 4, ""SOUTH"": 3, ""WEST"": 3}","{""EAST"": [3, 3, 4, 4, 5, 8], ""NORTH"": [0, 6, 6, 7], ""SOUTH"": [5, 5, 5], ""WEST"": [3, 4, 8]}","{""EAST"": [""N_EXIT"", ""W_EXIT"", ""W_EXIT"", ""W_EXIT"", ""W_EXIT"", ""S_EXIT""], ""NORTH"": [""W_EXIT"", ""E_EXIT"", ""E_EXIT"", ""W_EXIT""], ""SOUTH"": [""N_EXIT"", ""N_EXIT"", ""E_EXIT""], ""WEST"": [""N_EXIT"", ""N_EXIT"", ""N_EXIT""]}",66,57,57,"fixed_heuristic,bo_heuristic",57,57,0,True
13,30013,"{""EAST"": 4, ""NORTH"": 4, ""SOUTH"": 4, ""WEST"": 4}","{""EAST"": [0, 0, 2, 6], ""NORTH"": [3, 4, 5, 7], ""SOUTH"": [0, 0, 3, 8], ""WEST"": [0, 2, 7, 8]}","{""EAST"": [""S_EXIT"", ""S_EXIT"", ""W_EXIT"", ""W_EXIT""], ""NORTH"": [""S_EXIT"", ""W_EXIT"", ""W_EXIT"", ""W_EXIT""], ""SOUTH"": [""W_EXIT"", ""W_EXIT"", ""N_EXIT"", ""N_EXIT""], ""WEST"": [""N_EXIT"", ""N_EXIT"", ""N_EXIT"", ""E_EXIT""]}",58,52,52,"fixed_heuristic,bo_heuristic",52,52,0,True
14,30014,"{""EAST"": 6, ""NORTH"": 2, ""SOUTH"": 4, ""WEST"": 4}","{""EAST"": [0, 1, 1, 3, 3, 4], ""NORTH"": [2, 3], ""SOUTH"": [1, 1, 4, 8], ""WEST"": [1, 1, 5, 6]}","{""EAST"": [""N_EXIT"", ""W_EXIT"", ""N_EXIT"", ""S_EXIT"", ""S_EXIT"", ""N_EXIT""], ""NORTH"": [""S_EXIT"", ""W_EXIT""], ""SOUTH"": [""E_EXIT"", ""W_EXIT"", ""N_EXIT"", ""N_EXIT""], ""WEST"": [""N_EXIT"", ""N_EXIT"", ""E_EXIT"", ""E_EXIT""]}",59,51,51,"fixed_heuristic,bo_heuristic",51,51,0,True
15,30015,"{""EAST"": 4, ""NORTH"": 4, ""SOUTH"": 4, ""WEST"": 4}","{""EAST"": [3, 5, 6, 7], ""NORTH"": [3, 4, 7, 8], ""SOUTH"": [1, 1, 5, 5], ""WEST"": [0, 1, 3, 4]}","{""EAST"": [""S_EXIT"", ""W_EXIT"", ""N_EXIT"", ""S_EXIT""], ""NORTH"": [""S_EXIT"", ""W_EXIT"", ""W_EXIT"", ""S_EXIT""], ""SOUTH"": [""W_EXIT"", ""N_EXIT"", ""N_EXIT"", ""N_EXIT""], ""WEST"": [""N_EXIT"", ""S_EXIT"", ""N_EXIT"", ""S_EXIT""]}",56,48,47,bo_heuristic,47,48,1,False
16,30016,"{""EAST"": 3, ""NORTH"": 4, ""SOUTH"": 6, ""WEST"": 3}","{""EAST"": [0, 3, 4], ""NORTH"": [1, 1, 1, 8], ""SOUTH"": [1, 3, 3, 4, 5, 6], ""WEST"": [4, 6, 7]}","{""EAST"": [""W_EXIT"", ""S_EXIT"", ""W_EXIT""], ""NORTH"": [""W_EXIT"", ""W_EXIT"", ""S_EXIT"", ""E_EXIT""], ""SOUTH"": [""E_EXIT"", ""E_EXIT"", ""E_EXIT"", ""E_EXIT"", ""W_EXIT"", ""E_EXIT""], ""WEST"": [""S_EXIT"", ""E_EXIT"", ""E_EXIT""]}",53,50,50,"fixed_heuristic,bo_heuristic",50,50,0,True
17,30017,"{""EAST"": 6, ""NORTH"": 4, ""SOUTH"": 4, ""WEST"": 2}","{""EAST"": [3, 4, 7, 8, 8, 8], ""NORTH"": [4, 5, 6, 8], ""SOUTH"": [1, 4, 4, 5], ""WEST"": [1, 5]}","{""EAST"": [""S_EXIT"", ""W_EXIT"", ""W_EXIT"", ""S_EXIT"", ""S_EXIT"", ""N_EXIT""], ""NORTH"": [""W_EXIT"", ""S_EXIT"", ""S_EXIT"", ""W_EXIT""], ""SOUTH"": [""N_EXIT"", ""N_EXIT"", ""E_EXIT"", ""N_EXIT""], ""WEST"": [""N_EXIT"", ""E_EXIT""]}",55,51,47,bo_heuristic,47,51,4,False
18,30018,"{""EAST"": 4, ""NORTH"": 4, ""SOUTH"": 3, ""WEST"": 5}","{""EAST"": [0, 2, 5, 7], ""NORTH"": [2, 4, 5, 6], ""SOUTH"": [1, 3, 5], ""WEST"": [2, 4, 4, 5, 7]}","{""EAST"": [""N_EXIT"", ""N_EXIT"", ""N_EXIT"", ""W_EXIT""], ""NORTH"": [""W_EXIT"", ""E_EXIT"", ""E_EXIT"", ""S_EXIT""], ""SOUTH"": [""E_EXIT"", ""N_EXIT"", ""N_EXIT""], ""WEST"": [""E_EXIT"", ""E_EXIT"", ""S_EXIT"", ""E_EXIT"", ""S_EXIT""]}",54,47,45,bo_heuristic,45,47,2,False
19,30019,"{""EAST"": 3, ""NORTH"": 6, ""SOUTH"": 3, ""WEST"": 4}","{""EAST"": [0, 5, 5], ""NORTH"": [0, 3, 4, 5, 7, 8], ""SOUTH"": [0, 1, 4], ""WEST"": [3, 3, 5, 6]}","{""EAST"": [""W_EXIT"", ""N_EXIT"", ""N_EXIT""], ""NORTH"": [""W_EXIT"", ""S_EXIT"", ""S_EXIT"", ""W_EXIT"", ""S_EXIT"", ""S_EXIT""], ""SOUTH"": [""W_EXIT"", ""W_EXIT"", ""W_EXIT""], ""WEST"": [""N_EXIT"", ""N_EXIT"", ""E_EXIT"", ""E_EXIT""]}",57,53,56,fixed_heuristic,53,56,3,False
20,30020,"{""EAST"": 3, ""NORTH"": 3, ""SOUTH"": 5, ""WEST"": 5}","{""EAST"": [4, 5, 6], ""NORTH"": [0, 5, 6], ""SOUTH"": [5, 6, 8, 8, 8], ""WEST"": [3, 3, 6, 7, 8]}","{""EAST"": [""N_EXIT"", ""S_EXIT"", ""N_EXIT""], ""NORTH"": [""E_EXIT"", ""E_EXIT"", ""W_EXIT""], ""SOUTH"": [""W_EXIT"", ""N_EXIT"", ""N_EXIT"", ""N_EXIT"", ""N_EXIT""], ""WEST"": [""S_EXIT"", ""E_EXIT"", ""E_EXIT"", ""S_EXIT"", ""E_EXIT""]}",50,52,52,fcfs,50,52,2,False
21,30021,"{""EAST"": 4, ""NORTH"": 4, ""SOUTH"": 5, ""WEST"": 3}","{""EAST"": [4, 5, 6, 7], ""NORTH"": [1, 4, 5, 8], ""SOUTH"": [0, 2, 2, 3, 3], ""WEST"": [3, 5, 6]}","{""EAST"": [""W_EXIT"", ""S_EXIT"", ""W_EXIT"", ""S_EXIT""], ""NORTH"": [""E_EXIT"", ""E_EXIT"", ""W_EXIT"", ""W_EXIT""], ""SOUTH"": [""W_EXIT"", ""E_EXIT"", ""N_EXIT"", ""N_EXIT"", ""W_EXIT""], ""WEST"": [""N_EXIT"", ""N_EXIT"", ""N_EXIT""]}",63,58,57,bo_heuristic,57,58,1,False
22,30022,"{""EAST"": 3, ""NORTH"": 4, ""SOUTH"": 3, ""WEST"": 6}","{""EAST"": [6, 6, 7], ""NORTH"": [0, 2, 3, 3], ""SOUTH"": [0, 4, 7], ""WEST"": [4, 5, 6, 7, 7, 8]}","{""EAST"": [""S_EXIT"", ""S_EXIT"", ""W_EXIT""], ""NORTH"": [""S_EXIT"", ""E_EXIT"", ""E_EXIT"", ""E_EXIT""], ""SOUTH"": [""W_EXIT"", ""N_EXIT"", ""W_EXIT""], ""WEST"": [""E_EXIT"", ""E_EXIT"", ""E_EXIT"", ""E_EXIT"", ""S_EXIT"", ""S_EXIT""]}",69,59,59,"fixed_heuristic,bo_heuristic",59,59,0,True
23,30023,"{""EAST"": 4, ""NORTH"": 5, ""SOUTH"": 3, ""WEST"": 4}","{""EAST"": [4, 5, 6, 7], ""NORTH"": [0, 1, 6, 6, 8], ""SOUTH"": [3, 5, 7], ""WEST"": [1, 5, 6, 6]}","{""EAST"": [""N_EXIT"", ""N_EXIT"", ""W_EXIT"", ""S_EXIT""], ""NORTH"": [""W_EXIT"", ""S_EXIT"", ""W_EXIT"", ""W_EXIT"", ""S_EXIT""], ""SOUTH"": [""N_EXIT"", ""E_EXIT"", ""N_EXIT""], ""WEST"": [""E_EXIT"", ""E_EXIT"", ""N_EXIT"", ""E_EXIT""]}",47,44,45,fixed_heuristic,44,45,1,False
24,30024,"{""EAST"": 4, ""NORTH"": 5, ""SOUTH"": 3, ""WEST"": 4}","{""EAST"": [3, 5, 6, 8], ""NORTH"": [0, 1, 3, 5, 7], ""SOUTH"": [2, 3, 5], ""WEST"": [1, 5, 5, 7]}","{""EAST"": [""W_EXIT"", ""S_EXIT"", ""S_EXIT"", ""W_EXIT""], ""NORTH"": [""S_EXIT"", ""E_EXIT"", ""W_EXIT"", ""E_EXIT"", ""S_EXIT""], ""SOUTH"": [""N_EXIT"", ""N_EXIT"", ""W_EXIT""], ""WEST"": [""E_EXIT"", ""N_EXIT"", ""N_EXIT"", ""E_EXIT""]}",64,55,54,bo_heuristic,54,55,1,False
25,30025,"{""EAST"": 3, ""NORTH"": 4, ""SOUTH"": 5, ""WEST"": 4}","{""EAST"": [2, 8, 8], ""NORTH"": [0, 3, 7, 8], ""SOUTH"": [0, 5, 5, 7, 8], ""WEST"": [2, 2, 4, 8]}","{""EAST"": [""N_EXIT"", ""S_EXIT"", ""N_EXIT""], ""NORTH"": [""E_EXIT"", ""S_EXIT"", ""S_EXIT"", ""S_EXIT""], ""SOUTH"": [""E_EXIT"", ""N_EXIT"", ""W_EXIT"", ""N_EXIT"", ""E_EXIT""], ""WEST"": [""S_EXIT"", ""S_EXIT"", ""S_EXIT"", ""S_EXIT""]}",45,43,42,bo_heuristic,42,43,1,False
26,30026,"{""EAST"": 3, ""NORTH"": 3, ""SOUTH"": 6, ""WEST"": 4}","{""EAST"": [0, 0, 3], ""NORTH"": [1, 8, 8], ""SOUTH"": [0, 0, 4, 6, 6, 8], ""WEST"": [2, 2, 6, 7]}","{""EAST"": [""S_EXIT"", ""W_EXIT"", ""N_EXIT""], ""NORTH"": [""W_EXIT"", ""S_EXIT"", ""W_EXIT""], ""SOUTH"": [""E_EXIT"", ""N_EXIT"", ""W_EXIT"", ""W_EXIT"", ""N_EXIT"", ""N_EXIT""], ""WEST"": [""S_EXIT"", ""N_EXIT"", ""E_EXIT"", ""S_EXIT""]}",50,49,49,"fixed_heuristic,bo_heuristic",49,49,0,True
27,30027,"{""EAST"": 3, ""NORTH"": 6, ""SOUTH"": 5, ""WEST"": 2}","{""EAST"": [3, 3, 5], ""NORTH"": [0, 0, 1, 4, 4, 7], ""SOUTH"": [2, 3, 4, 4, 6], ""WEST"": [1, 6]}","{""EAST"": [""S_EXIT"", ""S_EXIT"", ""W_EXIT""], ""NORTH"": [""E_EXIT"", ""E_EXIT"", ""S_EXIT"", ""W_EXIT"", ""S_EXIT"", ""E_EXIT""], ""SOUTH"": [""E_EXIT"", ""E_EXIT"", ""N_EXIT"", ""E_EXIT"", ""N_EXIT""], ""WEST"": [""E_EXIT"", ""E_EXIT""]}",61,53,54,fixed_heuristic,53,54,1,False
28,30028,"{""EAST"": 3, ""NORTH"": 5, ""SOUTH"": 4, ""WEST"": 4}","{""EAST"": [6, 8, 8], ""NORTH"": [0, 0, 1, 1, 3], ""SOUTH"": [0, 2, 5, 6], ""WEST"": [1, 1, 6, 6]}","{""EAST"": [""S_EXIT"", ""N_EXIT"", ""S_EXIT""], ""NORTH"": [""E_EXIT"", ""W_EXIT"", ""E_EXIT"", ""E_EXIT"", ""W_EXIT""], ""SOUTH"": [""N_EXIT"", ""N_EXIT"", ""N_EXIT"", ""N_EXIT""], ""WEST"": [""S_EXIT"", ""N_EXIT"", ""N_EXIT"", ""S_EXIT""]}",54,52,52,"fixed_heuristic,bo_heuristic",52,52,0,True
29,30029,"{""EAST"": 4, ""NORTH"": 3, ""SOUTH"": 5, ""WEST"": 4}","{""EAST"": [1, 3, 5, 5], ""NORTH"": [5, 5, 6], ""SOUTH"": [0, 2, 2, 4, 8], ""WEST"": [4, 6, 6, 7]}","{""EAST"": [""W_EXIT"", ""N_EXIT"", ""W_EXIT"", ""N_EXIT""], ""NORTH"": [""S_EXIT"", ""E_EXIT"", ""S_EXIT""], ""SOUTH"": [""N_EXIT"", ""W_EXIT"", ""E_EXIT"", ""E_EXIT"", ""E_EXIT""], ""WEST"": [""N_EXIT"", ""E_EXIT"", ""N_EXIT"", ""S_EXIT""]}",55,52,48,bo_heuristic,48,52,4,False
30,30030,"{""EAST"": 6, ""NORTH"": 4, ""SOUTH"": 4, ""WEST"": 2}","{""EAST"": [1, 2, 5, 5, 6, 8], ""NORTH"": [3, 4, 4, 6], ""SOUTH"": [1, 3, 6, 7], ""WEST"": [1, 6]}","{""EAST"": [""W_EXIT"", ""S_EXIT"", ""N_EXIT"", ""S_EXIT"", ""N_EXIT"", ""N_EXIT""], ""NORTH"": [""W_EXIT"", ""E_EXIT"", ""E_EXIT"", ""E_EXIT""], ""SOUTH"": [""E_EXIT"", ""W_EXIT"", ""W_EXIT"", ""N_EXIT""], ""WEST"": [""E_EXIT"", ""E_EXIT""]}",61,54,54,"fixed_heuristic,bo_heuristic",54,54,0,True
31,30031,"{""EAST"": 6, ""NORTH"": 3, ""SOUTH"": 3, ""WEST"": 4}","{""EAST"": [1, 3, 4, 5, 6, 8], ""NORTH"": [1, 3, 8], ""SOUTH"": [0, 2, 3], ""WEST"": [1, 2, 7, 8]}","{""EAST"": [""W_EXIT"", ""S_EXIT"", ""N_EXIT"", ""S_EXIT"", ""S_EXIT"", ""W_EXIT""], ""NORTH"": [""S_EXIT"", ""W_EXIT"", ""E_EXIT""], ""SOUTH"": [""W_EXIT"", ""E_EXIT"", ""E_EXIT""], ""WEST"": [""N_EXIT"", ""N_EXIT"", ""S_EXIT"", ""E_EXIT""]}",61,52,53,fixed_heuristic,52,53,1,False
32,30032,"{""EAST"": 5, ""NORTH"": 2, ""SOUTH"": 6, ""WEST"": 3}","{""EAST"": [1, 2, 2, 5, 8], ""NORTH"": [0, 2], ""SOUTH"": [1, 5, 7, 8, 8, 8], ""WEST"": [0, 0, 1]}","{""EAST"": [""N_EXIT"", ""W_EXIT"", ""W_EXIT"", ""S_EXIT"", ""S_EXIT""], ""NORTH"": [""S_EXIT"", ""S_EXIT""], ""SOUTH"": [""N_EXIT"", ""N_EXIT"", ""E_EXIT"", ""W_EXIT"", ""E_EXIT"", ""E_EXIT""], ""WEST"": [""E_EXIT"", ""S_EXIT"", ""E_EXIT""]}",51,46,45,bo_heuristic,45,46,1,False
33,30033,"{""EAST"": 5, ""NORTH"": 3, ""SOUTH"": 5, ""WEST"": 3}","{""EAST"": [0, 0, 2, 3, 6], ""NORTH"": [6, 8, 8], ""SOUTH"": [0, 2, 2, 4, 8], ""WEST"": [1, 1, 7]}","{""EAST"": [""S_EXIT"", ""W_EXIT"", ""S_EXIT"", ""W_EXIT"", ""W_EXIT""], ""NORTH"": [""E_EXIT"", ""W_EXIT"", ""E_EXIT""], ""SOUTH"": [""N_EXIT"", ""W_EXIT"", ""E_EXIT"", ""E_EXIT"", ""N_EXIT""], ""WEST"": [""N_EXIT"", ""E_EXIT"", ""N_EXIT""]}",61,54,54,"fixed_heuristic,bo_heuristic",54,54,0,True
34,30034,"{""EAST"": 3, ""NORTH"": 3, ""SOUTH"": 6, ""WEST"": 4}","{""EAST"": [3, 5, 7], ""NORTH"": [0, 6, 6], ""SOUTH"": [0, 1, 2, 4, 5, 6], ""WEST"": [2, 2, 5, 5]}","{""EAST"": [""S_EXIT"", ""S_EXIT"", ""N_EXIT""], ""NORTH"": [""E_EXIT"", ""S_EXIT"", ""W_EXIT""], ""SOUTH"": [""W_EXIT"", ""N_EXIT"", ""E_EXIT"", ""E_EXIT"", ""N_EXIT"", ""W_EXIT""], ""WEST"": [""S_EXIT"", ""S_EXIT"", ""N_EXIT"", ""E_EXIT""]}",53,48,49,fixed_heuristic,48,49,1,False
35,30035,"{""EAST"": 5, ""NORTH"": 2, ""SOUTH"": 6, ""WEST"": 3}","{""EAST"": [3, 4, 7, 7, 7], ""NORTH"": [4, 6], ""SOUTH"": [4, 4, 6, 6, 7, 8], ""WEST"": [0, 0, 1]}","{""EAST"": [""N_EXIT"", ""N_EXIT"", ""S_EXIT"", ""S_EXIT"", ""S_EXIT""], ""NORTH"": [""E_EXIT"", ""W_EXIT""], ""SOUTH"": [""W_EXIT"", ""W_EXIT"", ""N_EXIT"", ""N_EXIT"", ""E_EXIT"", ""E_EXIT""], ""WEST"": [""S_EXIT"", ""E_EXIT"", ""E_EXIT""]}",60,54,54,"fixed_heuristic,bo_heuristic",54,54,0,True
36,30036,"{""EAST"": 4, ""NORTH"": 6, ""SOUTH"": 4, ""WEST"": 2}","{""EAST"": [4, 6, 6, 7], ""NORTH"": [0, 1, 2, 3, 6, 7], ""SOUTH"": [2, 4, 5, 8], ""WEST"": [1, 5]}","{""EAST"": [""N_EXIT"", ""S_EXIT"", ""S_EXIT"", ""S_EXIT""], ""NORTH"": [""E_EXIT"", ""W_EXIT"", ""S_EXIT"", ""S_EXIT"", ""S_EXIT"", ""W_EXIT""], ""SOUTH"": [""W_EXIT"", ""E_EXIT"", ""W_EXIT"", ""W_EXIT""], ""WEST"": [""N_EXIT"", ""S_EXIT""]}",59,56,56,"fixed_heuristic,bo_heuristic",56,56,0,True
37,30037,"{""EAST"": 5, ""NORTH"": 2, ""SOUTH"": 3, ""WEST"": 6}","{""EAST"": [1, 1, 4, 4, 7], ""NORTH"": [7, 8], ""SOUTH"": [0, 2, 8], ""WEST"": [0, 1, 2, 3, 3, 6]}","{""EAST"": [""N_EXIT"", ""N_EXIT"", ""W_EXIT"", ""N_EXIT"", ""N_EXIT""], ""NORTH"": [""E_EXIT"", ""E_EXIT""], ""SOUTH"": [""E_EXIT"", ""W_EXIT"", ""W_EXIT""], ""WEST"": [""N_EXIT"", ""N_EXIT"", ""S_EXIT"", ""S_EXIT"", ""N_EXIT"", ""N_EXIT""]}",55,50,49,bo_heuristic,49,50,1,False
38,30038,"{""EAST"": 4, ""NORTH"": 4, ""SOUTH"": 4, ""WEST"": 4}","{""EAST"": [2, 4, 7, 8], ""NORTH"": [1, 6, 7, 7], ""SOUTH"": [6, 6, 6, 7], ""WEST"": [0, 3, 3, 5]}","{""EAST"": [""W_EXIT"", ""S_EXIT"", ""N_EXIT"", ""S_EXIT""], ""NORTH"": [""S_EXIT"", ""W_EXIT"", ""E_EXIT"", ""E_EXIT""], ""SOUTH"": [""N_EXIT"", ""W_EXIT"", ""W_EXIT"", ""E_EXIT""], ""WEST"": [""E_EXIT"", ""S_EXIT"", ""N_EXIT"", ""E_EXIT""]}",57,52,51,bo_heuristic,51,52,1,False
39,30039,"{""EAST"": 3, ""NORTH"": 3, ""SOUTH"": 6, ""WEST"": 4}","{""EAST"": [4, 4, 4], ""NORTH"": [3, 3, 5], ""SOUTH"": [1, 3, 6, 7, 8, 8], ""WEST"": [5, 6, 8, 8]}","{""EAST"": [""W_EXIT"", ""S_EXIT"", ""W_EXIT""], ""NORTH"": [""W_EXIT"", ""S_EXIT"", ""S_EXIT""], ""SOUTH"": [""E_EXIT"", ""N_EXIT"", ""E_EXIT"", ""E_EXIT"", ""W_EXIT"", ""E_EXIT""], ""WEST"": [""E_EXIT"", ""E_EXIT"", ""S_EXIT"", ""E_EXIT""]}",50,48,48,"fixed_heuristic,bo_heuristic",48,48,0,True
40,30040,"{""EAST"": 4, ""NORTH"": 3, ""SOUTH"": 5, ""WEST"": 4}","{""EAST"": [0, 1, 3, 8], ""NORTH"": [0, 1, 2], ""SOUTH"": [0, 3, 6, 7, 8], ""WEST"": [1, 1, 7, 8]}","{""EAST"": [""W_EXIT"", ""W_EXIT"", ""N_EXIT"", ""S_EXIT""], ""NORTH"": [""S_EXIT"", ""W_EXIT"", ""W_EXIT""], ""SOUTH"": [""N_EXIT"", ""E_EXIT"", ""E_EXIT"", ""W_EXIT"", ""E_EXIT""], ""WEST"": [""E_EXIT"", ""S_EXIT"", ""E_EXIT"", ""E_EXIT""]}",46,43,42,bo_heuristic,42,43,1,False
41,30041,"{""EAST"": 3, ""NORTH"": 5, ""SOUTH"": 4, ""WEST"": 4}","{""EAST"": [0, 2, 6], ""NORTH"": [1, 4, 5, 5, 6], ""SOUTH"": [1, 1, 3, 8], ""WEST"": [3, 4, 8, 8]}","{""EAST"": [""W_EXIT"", ""N_EXIT"", ""S_EXIT""], ""NORTH"": [""E_EXIT"", ""S_EXIT"", ""E_EXIT"", ""S_EXIT"", ""W_EXIT""], ""SOUTH"": [""E_EXIT"", ""W_EXIT"", ""W_EXIT"", ""W_EXIT""], ""WEST"": [""S_EXIT"", ""S_EXIT"", ""E_EXIT"", ""S_EXIT""]}",51,51,51,"fcfs,fixed_heuristic,bo_heuristic",51,51,0,True
42,30042,"{""EAST"": 4, ""NORTH"": 5, ""SOUTH"": 2, ""WEST"": 5}","{""EAST"": [0, 0, 4, 5], ""NORTH"": [0, 0, 2, 7, 7], ""SOUTH"": [4, 6], ""WEST"": [0, 1, 1, 5, 7]}","{""EAST"": [""S_EXIT"", ""S_EXIT"", ""W_EXIT"", ""W_EXIT""], ""NORTH"": [""W_EXIT"", ""W_EXIT"", ""W_EXIT"", ""W_EXIT"", ""E_EXIT""], ""SOUTH"": [""E_EXIT"", ""W_EXIT""], ""WEST"": [""N_EXIT"", ""E_EXIT"", ""N_EXIT"", ""S_EXIT"", ""S_EXIT""]}",55,48,50,fixed_heuristic,48,50,2,False
43,30043,"{""EAST"": 2, ""NORTH"": 3, ""SOUTH"": 5, ""WEST"": 6}","{""EAST"": [2, 7], ""NORTH"": [1, 5, 7], ""SOUTH"": [2, 4, 6, 6, 8], ""WEST"": [0, 1, 1, 4, 8, 8]}","{""EAST"": [""W_EXIT"", ""N_EXIT""], ""NORTH"": [""S_EXIT"", ""W_EXIT"", ""S_EXIT""], ""SOUTH"": [""W_EXIT"", ""N_EXIT"", ""W_EXIT"", ""W_EXIT"", ""W_EXIT""], ""WEST"": [""N_EXIT"", ""N_EXIT"", ""S_EXIT"", ""N_EXIT"", ""E_EXIT"", ""E_EXIT""]}",57,55,55,"fixed_heuristic,bo_heuristic",55,55,0,True
44,30044,"{""EAST"": 3, ""NORTH"": 3, ""SOUTH"": 4, ""WEST"": 6}","{""EAST"": [0, 3, 3], ""NORTH"": [4, 7, 8], ""SOUTH"": [0, 1, 4, 4], ""WEST"": [0, 0, 1, 4, 7, 8]}","{""EAST"": [""N_EXIT"", ""S_EXIT"", ""S_EXIT""], ""NORTH"": [""E_EXIT"", ""S_EXIT"", ""E_EXIT""], ""SOUTH"": [""E_EXIT"", ""E_EXIT"", ""E_EXIT"", ""W_EXIT""], ""WEST"": [""S_EXIT"", ""N_EXIT"", ""E_EXIT"", ""S_EXIT"", ""E_EXIT"", ""E_EXIT""]}",58,52,51,bo_heuristic,51,52,1,False
45,30045,"{""EAST"": 3, ""NORTH"": 4, ""SOUTH"": 5, ""WEST"": 4}","{""EAST"": [1, 2, 2], ""NORTH"": [1, 1, 5, 5], ""SOUTH"": [1, 3, 4, 5, 6], ""WEST"": [1, 5, 6, 7]}","{""EAST"": [""N_EXIT"", ""N_EXIT"", ""N_EXIT""], ""NORTH"": [""S_EXIT"", ""W_EXIT"", ""W_EXIT"", ""S_EXIT""], ""SOUTH"": [""W_EXIT"", ""E_EXIT"", ""W_EXIT"", ""E_EXIT"", ""E_EXIT""], ""WEST"": [""S_EXIT"", ""N_EXIT"", ""S_EXIT"", ""N_EXIT""]}",45,41,44,fixed_heuristic,41,44,3,False
46,30046,"{""EAST"": 4, ""NORTH"": 4, ""SOUTH"": 5, ""WEST"": 3}","{""EAST"": [0, 1, 5, 7], ""NORTH"": [1, 2, 3, 8], ""SOUTH"": [0, 5, 8, 8, 8], ""WEST"": [0, 0, 2]}","{""EAST"": [""W_EXIT"", ""S_EXIT"", ""W_EXIT"", ""W_EXIT""], ""NORTH"": [""E_EXIT"", ""W_EXIT"", ""W_EXIT"", ""W_EXIT""], ""SOUTH"": [""N_EXIT"", ""N_EXIT"", ""N_EXIT"", ""E_EXIT"", ""N_EXIT""], ""WEST"": [""N_EXIT"", ""N_EXIT"", ""S_EXIT""]}",56,50,50,"fixed_heuristic,bo_heuristic",50,50,0,True
47,30047,"{""EAST"": 4, ""NORTH"": 4, ""SOUTH"": 3, ""WEST"": 5}","{""EAST"": [0, 0, 5, 7], ""NORTH"": [1, 3, 5, 5], ""SOUTH"": [1, 2, 6], ""WEST"": [1, 1, 4, 5, 6]}","{""EAST"": [""S_EXIT"", ""W_EXIT"", ""W_EXIT"", ""S_EXIT""], ""NORTH"": [""E_EXIT"", ""S_EXIT"", ""W_EXIT"", ""S_EXIT""], ""SOUTH"": [""E_EXIT"", ""W_EXIT"", ""E_EXIT""], ""WEST"": [""N_EXIT"", ""S_EXIT"", ""S_EXIT"", ""S_EXIT"", ""N_EXIT""]}",60,48,48,"fixed_heuristic,bo_heuristic",48,48,0,True
48,30048,"{""EAST"": 3, ""NORTH"": 3, ""SOUTH"": 6, ""WEST"": 4}","{""EAST"": [3, 3, 6], ""NORTH"": [0, 6, 7], ""SOUTH"": [2, 2, 4, 6, 7, 7], ""WEST"": [0, 1, 2, 5]}","{""EAST"": [""N_EXIT"", ""W_EXIT"", ""N_EXIT""], ""NORTH"": [""S_EXIT"", ""S_EXIT"", ""E_EXIT""], ""SOUTH"": [""E_EXIT"", ""N_EXIT"", ""W_EXIT"", ""E_EXIT"", ""N_EXIT"", ""E_EXIT""], ""WEST"": [""E_EXIT"", ""E_EXIT"", ""N_EXIT"", ""N_EXIT""]}",54,46,50,fixed_heuristic,46,50,4,False
49,30049,"{""EAST"": 3, ""NORTH"": 4, ""SOUTH"": 4, ""WEST"": 5}","{""EAST"": [6, 6, 7], ""NORTH"": [1, 4, 6, 8], ""SOUTH"": [1, 6, 6, 7], ""WEST"": [0, 3, 5, 6, 8]}","{""EAST"": [""N_EXIT"", ""S_EXIT"", ""W_EXIT""], ""NORTH"": [""E_EXIT"", ""W_EXIT"", ""S_EXIT"", ""E_EXIT""], ""SOUTH"": [""W_EXIT"", ""W_EXIT"", ""W_EXIT"", ""W_EXIT""], ""WEST"": [""N_EXIT"", ""E_EXIT"", ""S_EXIT"", ""S_EXIT"", ""N_EXIT""]}",58,55,55,"fixed_heuristic,bo_heuristic",55,55,0,True
50,30050,"{""EAST"": 5, ""NORTH"": 3, ""SOUTH"": 5, ""WEST"": 3}","{""EAST"": [4, 4, 5, 5, 7], ""NORTH"": [0, 1, 6], ""SOUTH"": [0, 2, 4, 5, 8], ""WEST"": [3, 5, 8]}","{""EAST"": [""N_EXIT"", ""N_EXIT"", ""S_EXIT"", ""N_EXIT"", ""W_EXIT""], ""NORTH"": [""E_EXIT"", ""S_EXIT"", ""E_EXIT""], ""SOUTH"": [""N_EXIT"", ""E_EXIT"", ""N_EXIT"", ""W_EXIT"", ""N_EXIT""], ""WEST"": [""S_EXIT"", ""E_EXIT"", ""E_EXIT""]}",53,50,49,bo_heuristic,49,50,1,False
51,30051,"{""EAST"": 2, ""NORTH"": 4, ""SOUTH"": 5, ""WEST"": 5}","{""EAST"": [7, 7], ""NORTH"": [0, 1, 2, 6], ""SOUTH"": [2, 3, 5, 6, 7], ""WEST"": [1, 3, 4, 6, 7]}","{""EAST"": [""N_EXIT"", ""W_EXIT""], ""NORTH"": [""E_EXIT"", ""W_EXIT"", ""W_EXIT"", ""W_EXIT""], ""SOUTH"": [""N_EXIT"", ""W_EXIT"", ""W_EXIT"", ""W_EXIT"", ""E_EXIT""], ""WEST"": [""N_EXIT"", ""S_EXIT"", ""E_EXIT"", ""N_EXIT"", ""N_EXIT""]}",54,55,53,bo_heuristic,53,54,1,False
52,30052,"{""EAST"": 2, ""NORTH"": 2, ""SOUTH"": 6, ""WEST"": 6}","{""EAST"": [1, 3], ""NORTH"": [1, 3], ""SOUTH"": [2, 4, 5, 6, 6, 7], ""WEST"": [4, 4, 5, 5, 7, 8]}","{""EAST"": [""S_EXIT"", ""N_EXIT""], ""NORTH"": [""W_EXIT"", ""S_EXIT""], ""SOUTH"": [""E_EXIT"", ""N_EXIT"", ""W_EXIT"", ""W_EXIT"", ""W_EXIT"", ""E_EXIT""], ""WEST"": [""E_EXIT"", ""S_EXIT"", ""N_EXIT"", ""E_EXIT"", ""S_EXIT"", ""E_EXIT""]}",52,52,50,bo_heuristic,50,52,2,False
53,30053,"{""EAST"": 4, ""NORTH"": 5, ""SOUTH"": 4, ""WEST"": 3}","{""EAST"": [5, 8, 8, 8], ""NORTH"": [0, 2, 3, 3, 4], ""SOUTH"": [4, 5, 7, 8], ""WEST"": [1, 4, 4]}","{""EAST"": [""S_EXIT"", ""W_EXIT"", ""W_EXIT"", ""N_EXIT""], ""NORTH"": [""S_EXIT"", ""E_EXIT"", ""S_EXIT"", ""E_EXIT"", ""S_EXIT""], ""SOUTH"": [""E_EXIT"", ""E_EXIT"", ""E_EXIT"", ""E_EXIT""], ""WEST"": [""E_EXIT"", ""E_EXIT"", ""E_EXIT""]}",52,52,51,bo_heuristic,51,52,1,False
54,30054,"{""EAST"": 3, ""NORTH"": 5, ""SOUTH"": 4, ""WEST"": 4}","{""EAST"": [0, 4, 8], ""NORTH"": [2, 2, 4, 5, 6], ""SOUTH"": [1, 3, 6, 8], ""WEST"": [1, 1, 4, 5]}","{""EAST"": [""W_EXIT"", ""W_EXIT"", ""W_EXIT""], ""NORTH"": [""W_EXIT"", ""E_EXIT"", ""S_EXIT"", ""E_EXIT"", ""S_EXIT""], ""SOUTH"": [""W_EXIT"", ""N_EXIT"", ""W_EXIT"", ""W_EXIT""], ""WEST"": [""E_EXIT"", ""E_EXIT"", ""E_EXIT"", ""E_EXIT""]}",58,52,51,bo_heuristic,51,52,1,False
55,30055,"{""EAST"": 3, ""NORTH"": 6, ""SOUTH"": 4, ""WEST"": 3}","{""EAST"": [2, 6, 7], ""NORTH"": [0, 4, 6, 6, 6, 8], ""SOUTH"": [2, 3, 5, 8], ""WEST"": [1, 4, 7]}","{""EAST"": [""W_EXIT"", ""S_EXIT"", ""N_EXIT""], ""NORTH"": [""S_EXIT"", ""W_EXIT"", ""E_EXIT"", ""E_EXIT"", ""W_EXIT"", ""S_EXIT""], ""SOUTH"": [""N_EXIT"", ""W_EXIT"", ""W_EXIT"", ""W_EXIT""], ""WEST"": [""E_EXIT"", ""E_EXIT"", ""E_EXIT""]}",61,54,51,bo_heuristic,51,54,3,False
56,30056,"{""EAST"": 3, ""NORTH"": 5, ""SOUTH"": 2, ""WEST"": 6}","{""EAST"": [0, 3, 8], ""NORTH"": [2, 2, 5, 6, 8], ""SOUTH"": [2, 5], ""WEST"": [0, 4, 5, 5, 6, 6]}","{""EAST"": [""N_EXIT"", ""S_EXIT"", ""S_EXIT""], ""NORTH"": [""S_EXIT"", ""E_EXIT"", ""W_EXIT"", ""E_EXIT"", ""W_EXIT""], ""SOUTH"": [""W_EXIT"", ""E_EXIT""], ""WEST"": [""E_EXIT"", ""S_EXIT"", ""S_EXIT"", ""N_EXIT"", ""S_EXIT"", ""E_EXIT""]}",58,49,49,"fixed_heuristic,bo_heuristic",49,49,0,True
57,30057,"{""EAST"": 5, ""NORTH"": 2, ""SOUTH"": 3, ""WEST"": 6}","{""EAST"": [0, 5, 6, 7, 7], ""NORTH"": [3, 4], ""SOUTH"": [1, 3, 8], ""WEST"": [0, 1, 1, 3, 5, 7]}","{""EAST"": [""W_EXIT"", ""N_EXIT"", ""S_EXIT"", ""W_EXIT"", ""N_EXIT""], ""NORTH"": [""S_EXIT"", ""E_EXIT""], ""SOUTH"": [""N_EXIT"", ""W_EXIT"", ""E_EXIT""], ""WEST"": [""N_EXIT"", ""E_EXIT"", ""E_EXIT"", ""S_EXIT"", ""S_EXIT"", ""E_EXIT""]}",56,43,43,"fixed_heuristic,bo_heuristic",43,43,0,True
58,30058,"{""EAST"": 3, ""NORTH"": 6, ""SOUTH"": 5, ""WEST"": 2}","{""EAST"": [0, 5, 5], ""NORTH"": [0, 2, 4, 4, 7, 8], ""SOUTH"": [0, 2, 4, 4, 5], ""WEST"": [2, 7]}","{""EAST"": [""S_EXIT"", ""N_EXIT"", ""W_EXIT""], ""NORTH"": [""E_EXIT"", ""E_EXIT"", ""S_EXIT"", ""S_EXIT"", ""E_EXIT"", ""S_EXIT""], ""SOUTH"": [""N_EXIT"", ""N_EXIT"", ""E_EXIT"", ""N_EXIT"", ""N_EXIT""], ""WEST"": [""S_EXIT"", ""S_EXIT""]}",52,47,47,"fixed_heuristic,bo_heuristic",47,47,0,True
59,30059,"{""EAST"": 6, ""NORTH"": 2, ""SOUTH"": 4, ""WEST"": 4}","{""EAST"": [1, 2, 2, 4, 7, 8], ""NORTH"": [4, 8], ""SOUTH"": [0, 4, 5, 6], ""WEST"": [0, 3, 3, 7]}","{""EAST"": [""W_EXIT"", ""W_EXIT"", ""N_EXIT"", ""N_EXIT"", ""W_EXIT"", ""N_EXIT""], ""NORTH"": [""E_EXIT"", ""E_EXIT""], ""SOUTH"": [""N_EXIT"", ""E_EXIT"", ""E_EXIT"", ""E_EXIT""], ""WEST"": [""E_EXIT"", ""S_EXIT"", ""S_EXIT"", ""N_EXIT""]}",54,41,41,"fixed_heuristic,bo_heuristic",41,41,0,True
60,30060,"{""EAST"": 3, ""NORTH"": 6, ""SOUTH"": 2, ""WEST"": 5}","{""EAST"": [1, 2, 4], ""NORTH"": [1, 1, 2, 6, 6, 7], ""SOUTH"": [2, 6], ""WEST"": [0, 1, 4, 8, 8]}","{""EAST"": [""S_EXIT"", ""W_EXIT"", ""W_EXIT""], ""NORTH"": [""E_EXIT"", ""W_EXIT"", ""W_EXIT"", ""S_EXIT"", ""E_EXIT"", ""E_EXIT""], ""SOUTH"": [""E_EXIT"", ""N_EXIT""], ""WEST"": [""N_EXIT"", ""S_EXIT"", ""N_EXIT"", ""E_EXIT"", ""S_EXIT""]}",57,49,49,"fixed_heuristic,bo_heuristic",49,49,0,True
61,30061,"{""EAST"": 6, ""NORTH"": 3, ""SOUTH"": 4, ""WEST"": 3}","{""EAST"": [0, 1, 6, 7, 7, 8], ""NORTH"": [3, 4, 6], ""SOUTH"": [2, 4, 6, 6], ""WEST"": [0, 0, 5]}","{""EAST"": [""N_EXIT"", ""W_EXIT"", ""S_EXIT"", ""S_EXIT"", ""S_EXIT"", ""W_EXIT""], ""NORTH"": [""E_EXIT"", ""W_EXIT"", ""W_EXIT""], ""SOUTH"": [""N_EXIT"", ""N_EXIT"", ""E_EXIT"", ""E_EXIT""], ""WEST"": [""N_EXIT"", ""N_EXIT"", ""N_EXIT""]}",58,55,55,"fixed_heuristic,bo_heuristic",55,55,0,True
62,30062,"{""EAST"": 3, ""NORTH"": 2, ""SOUTH"": 6, ""WEST"": 5}","{""EAST"": [1, 3, 6], ""NORTH"": [1, 2], ""SOUTH"": [0, 2, 3, 4, 8, 8], ""WEST"": [0, 0, 5, 6, 7]}","{""EAST"": [""N_EXIT"", ""S_EXIT"", ""W_EXIT""], ""NORTH"": [""S_EXIT"", ""S_EXIT""], ""SOUTH"": [""N_EXIT"", ""E_EXIT"", ""E_EXIT"", ""W_EXIT"", ""E_EXIT"", ""N_EXIT""], ""WEST"": [""S_EXIT"", ""N_EXIT"", ""S_EXIT"", ""S_EXIT"", ""S_EXIT""]}",49,42,44,fixed_heuristic,42,44,2,False
63,30063,"{""EAST"": 3, ""NORTH"": 5, ""SOUTH"": 5, ""WEST"": 3}","{""EAST"": [0, 0, 2], ""NORTH"": [1, 4, 5, 6, 8], ""SOUTH"": [0, 4, 4, 8, 8], ""WEST"": [0, 1, 3]}","{""EAST"": [""N_EXIT"", ""S_EXIT"", ""N_EXIT""], ""NORTH"": [""S_EXIT"", ""E_EXIT"", ""S_EXIT"", ""S_EXIT"", ""W_EXIT""], ""SOUTH"": [""E_EXIT"", ""E_EXIT"", ""N_EXIT"", ""E_EXIT"", ""W_EXIT""], ""WEST"": [""E_EXIT"", ""N_EXIT"", ""E_EXIT""]}",50,46,47,fixed_heuristic,46,47,1,False
64,30064,"{""EAST"": 4, ""NORTH"": 4, ""SOUTH"": 4, ""WEST"": 4}","{""EAST"": [0, 3, 3, 4], ""NORTH"": [2, 4, 6, 8], ""SOUTH"": [0, 4, 6, 8], ""WEST"": [0, 5, 6, 8]}","{""EAST"": [""W_EXIT"", ""N_EXIT"", ""S_EXIT"", ""W_EXIT""], ""NORTH"": [""S_EXIT"", ""W_EXIT"", ""S_EXIT"", ""S_EXIT""], ""SOUTH"": [""N_EXIT"", ""N_EXIT"", ""E_EXIT"", ""E_EXIT""], ""WEST"": [""E_EXIT"", ""N_EXIT"", ""E_EXIT"", ""S_EXIT""]}",47,44,43,bo_heuristic,43,44,1,False
65,30065,"{""EAST"": 3, ""NORTH"": 5, ""SOUTH"": 6, ""WEST"": 2}","{""EAST"": [1, 2, 7], ""NORTH"": [0, 2, 3, 5, 8], ""SOUTH"": [0, 2, 5, 5, 6, 7], ""WEST"": [1, 4]}","{""EAST"": [""N_EXIT"", ""S_EXIT"", ""N_EXIT""], ""NORTH"": [""W_EXIT"", ""W_EXIT"", ""E_EXIT"", ""E_EXIT"", ""E_EXIT""], ""SOUTH"": [""E_EXIT"", ""W_EXIT"", ""N_EXIT"", ""W_EXIT"", ""N_EXIT"", ""E_EXIT""], ""WEST"": [""S_EXIT"", ""S_EXIT""]}",57,50,50,"fixed_heuristic,bo_heuristic",50,50,0,True
66,30066,"{""EAST"": 3, ""NORTH"": 4, ""SOUTH"": 5, ""WEST"": 4}","{""EAST"": [1, 7, 8], ""NORTH"": [1, 3, 5, 8], ""SOUTH"": [2, 3, 5, 5, 5], ""WEST"": [0, 1, 2, 7]}","{""EAST"": [""W_EXIT"", ""S_EXIT"", ""N_EXIT""], ""NORTH"": [""S_EXIT"", ""E_EXIT"", ""W_EXIT"", ""S_EXIT""], ""SOUTH"": [""E_EXIT"", ""W_EXIT"", ""N_EXIT"", ""N_EXIT"", ""W_EXIT""], ""WEST"": [""N_EXIT"", ""S_EXIT"", ""N_EXIT"", ""S_EXIT""]}",55,49,51,fixed_heuristic,49,51,2,False
67,30067,"{""EAST"": 3, ""NORTH"": 4, ""SOUTH"": 5, ""WEST"": 4}","{""EAST"": [0, 2, 4], ""NORTH"": [2, 2, 5, 5], ""SOUTH"": [0, 2, 3, 5, 7], ""WEST"": [3, 4, 7, 7]}","{""EAST"": [""N_EXIT"", ""S_EXIT"", ""S_EXIT""], ""NORTH"": [""W_EXIT"", ""S_EXIT"", ""E_EXIT"", ""E_EXIT""], ""SOUTH"": [""E_EXIT"", ""W_EXIT"", ""W_EXIT"", ""E_EXIT"", ""W_EXIT""], ""WEST"": [""S_EXIT"", ""S_EXIT"", ""N_EXIT"", ""N_EXIT""]}",57,54,54,"fixed_heuristic,bo_heuristic",54,54,0,True
68,30068,"{""EAST"": 3, ""NORTH"": 5, ""SOUTH"": 5, ""WEST"": 3}","{""EAST"": [3, 4, 5], ""NORTH"": [1, 1, 6, 8, 8], ""SOUTH"": [0, 1, 2, 4, 8], ""WEST"": [2, 2, 5]}","{""EAST"": [""W_EXIT"", ""W_EXIT"", ""S_EXIT""], ""NORTH"": [""E_EXIT"", ""W_EXIT"", ""E_EXIT"", ""W_EXIT"", ""S_EXIT""], ""SOUTH"": [""E_EXIT"", ""W_EXIT"", ""E_EXIT"", ""E_EXIT"", ""E_EXIT""], ""WEST"": [""S_EXIT"", ""N_EXIT"", ""S_EXIT""]}",55,45,46,fixed_heuristic,45,46,1,False
69,30069,"{""EAST"": 6, ""NORTH"": 4, ""SOUTH"": 4, ""WEST"": 2}","{""EAST"": [0, 0, 2, 4, 5, 6], ""NORTH"": [0, 3, 5, 7], ""SOUTH"": [2, 4, 4, 4], ""WEST"": [3, 5]}","{""EAST"": [""N_EXIT"", ""S_EXIT"", ""W_EXIT"", ""S_EXIT"", ""W_EXIT"", ""N_EXIT""], ""NORTH"": [""S_EXIT"", ""W_EXIT"", ""S_EXIT"", ""E_EXIT""], ""SOUTH"": [""W_EXIT"", ""W_EXIT"", ""N_EXIT"", ""W_EXIT""], ""WEST"": [""S_EXIT"", ""E_EXIT""]}",53,48,48,"fixed_heuristic,bo_heuristic",48,48,0,True
70,30070,"{""EAST"": 5, ""NORTH"": 5, ""SOUTH"": 2, ""WEST"": 4}","{""EAST"": [0, 0, 4, 6, 8], ""NORTH"": [0, 1, 1, 7, 7], ""SOUTH"": [4, 8], ""WEST"": [6, 6, 7, 8]}","{""EAST"": [""W_EXIT"", ""N_EXIT"", ""N_EXIT"", ""W_EXIT"", ""S_EXIT""], ""NORTH"": [""S_EXIT"", ""W_EXIT"", ""W_EXIT"", ""E_EXIT"", ""W_EXIT""], ""SOUTH"": [""N_EXIT"", ""N_EXIT""], ""WEST"": [""E_EXIT"", ""S_EXIT"", ""N_EXIT"", ""E_EXIT""]}",49,48,45,bo_heuristic,45,48,3,False
71,30071,"{""EAST"": 3, ""NORTH"": 3, ""SOUTH"": 4, ""WEST"": 6}","{""EAST"": [7, 7, 7], ""NORTH"": [6, 7, 8], ""SOUTH"": [3, 4, 6, 8], ""WEST"": [0, 1, 3, 3, 5, 8]}","{""EAST"": [""N_EXIT"", ""W_EXIT"", ""N_EXIT""], ""NORTH"": [""W_EXIT"", ""S_EXIT"", ""W_EXIT""], ""SOUTH"": [""N_EXIT"", ""E_EXIT"", ""W_EXIT"", ""N_EXIT""], ""WEST"": [""S_EXIT"", ""S_EXIT"", ""N_EXIT"", ""E_EXIT"", ""E_EXIT"", ""S_EXIT""]}",50,43,43,"fixed_heuristic,bo_heuristic",43,43,0,True
72,30072,"{""EAST"": 4, ""NORTH"": 4, ""SOUTH"": 4, ""WEST"": 4}","{""EAST"": [5, 6, 6, 6], ""NORTH"": [2, 4, 6, 7], ""SOUTH"": [1, 3, 7, 7], ""WEST"": [0, 3, 4, 5]}","{""EAST"": [""W_EXIT"", ""W_EXIT"", ""S_EXIT"", ""S_EXIT""], ""NORTH"": [""E_EXIT"", ""S_EXIT"", ""S_EXIT"", ""W_EXIT""], ""SOUTH"": [""N_EXIT"", ""N_EXIT"", ""W_EXIT"", ""E_EXIT""], ""WEST"": [""N_EXIT"", ""N_EXIT"", ""S_EXIT"", ""E_EXIT""]}",58,50,50,"fixed_heuristic,bo_heuristic",50,50,0,True
73,30073,"{""EAST"": 5, ""NORTH"": 4, ""SOUTH"": 5, ""WEST"": 2}","{""EAST"": [1, 3, 3, 4, 6], ""NORTH"": [1, 5, 5, 6], ""SOUTH"": [0, 0, 1, 1, 3], ""WEST"": [4, 6]}","{""EAST"": [""S_EXIT"", ""W_EXIT"", ""W_EXIT"", ""W_EXIT"", ""N_EXIT""], ""NORTH"": [""W_EXIT"", ""W_EXIT"", ""S_EXIT"", ""E_EXIT""], ""SOUTH"": [""W_EXIT"", ""E_EXIT"", ""W_EXIT"", ""W_EXIT"", ""N_EXIT""], ""WEST"": [""S_EXIT"", ""N_EXIT""]}",58,54,53,bo_heuristic,53,54,1,False
74,30074,"{""EAST"": 4, ""NORTH"": 2, ""SOUTH"": 6, ""WEST"": 4}","{""EAST"": [2, 4, 4, 8], ""NORTH"": [1, 6], ""SOUTH"": [0, 5, 5, 5, 7, 7], ""WEST"": [1, 1, 4, 7]}","{""EAST"": [""S_EXIT"", ""W_EXIT"", ""N_EXIT"", ""S_EXIT""], ""NORTH"": [""W_EXIT"", ""S_EXIT""], ""SOUTH"": [""N_EXIT"", ""E_EXIT"", ""N_EXIT"", ""N_EXIT"", ""E_EXIT"", ""W_EXIT""], ""WEST"": [""S_EXIT"", ""S_EXIT"", ""E_EXIT"", ""S_EXIT""]}",51,45,50,fixed_heuristic,45,50,5,False
75,30075,"{""EAST"": 4, ""NORTH"": 5, ""SOUTH"": 4, ""WEST"": 3}","{""EAST"": [0, 1, 2, 7], ""NORTH"": [0, 0, 3, 5, 5], ""SOUTH"": [2, 4, 5, 8], ""WEST"": [1, 2, 7]}","{""EAST"": [""N_EXIT"", ""W_EXIT"", ""N_EXIT"", ""W_EXIT""], ""NORTH"": [""W_EXIT"", ""W_EXIT"", ""S_EXIT"", ""E_EXIT"", ""W_EXIT""], ""SOUTH"": [""E_EXIT"", ""W_EXIT"", ""E_EXIT"", ""E_EXIT""], ""WEST"": [""S_EXIT"", ""S_EXIT"", ""E_EXIT""]}",42,38,40,fixed_heuristic,38,40,2,False
76,30076,"{""EAST"": 5, ""NORTH"": 4, ""SOUTH"": 3, ""WEST"": 4}","{""EAST"": [2, 2, 4, 5, 8], ""NORTH"": [1, 2, 4, 4], ""SOUTH"": [0, 0, 7], ""WEST"": [3, 4, 5, 7]}","{""EAST"": [""W_EXIT"", ""W_EXIT"", ""S_EXIT"", ""N_EXIT"", ""W_EXIT""], ""NORTH"": [""W_EXIT"", ""W_EXIT"", ""S_EXIT"", ""W_EXIT""], ""SOUTH"": [""W_EXIT"", ""E_EXIT"", ""W_EXIT""], ""WEST"": [""E_EXIT"", ""E_EXIT"", ""N_EXIT"", ""E_EXIT""]}",51,49,46,bo_heuristic,46,49,3,False
77,30077,"{""EAST"": 4, ""NORTH"": 5, ""SOUTH"": 3, ""WEST"": 4}","{""EAST"": [1, 3, 5, 6], ""NORTH"": [1, 3, 4, 6, 8], ""SOUTH"": [0, 3, 8], ""WEST"": [0, 0, 6, 7]}","{""EAST"": [""W_EXIT"", ""W_EXIT"", ""N_EXIT"", ""N_EXIT""], ""NORTH"": [""E_EXIT"", ""S_EXIT"", ""E_EXIT"", ""S_EXIT"", ""W_EXIT""], ""SOUTH"": [""W_EXIT"", ""N_EXIT"", ""E_EXIT""], ""WEST"": [""S_EXIT"", ""S_EXIT"", ""E_EXIT"", ""S_EXIT""]}",49,43,40,bo_heuristic,40,43,3,False
78,30078,"{""EAST"": 4, ""NORTH"": 5, ""SOUTH"": 3, ""WEST"": 4}","{""EAST"": [1, 4, 5, 7], ""NORTH"": [0, 0, 2, 8, 8], ""SOUTH"": [0, 2, 5], ""WEST"": [2, 4, 5, 6]}","{""EAST"": [""N_EXIT"", ""S_EXIT"", ""S_EXIT"", ""S_EXIT""], ""NORTH"": [""E_EXIT"", ""E_EXIT"", ""W_EXIT"", ""S_EXIT"", ""E_EXIT""], ""SOUTH"": [""N_EXIT"", ""N_EXIT"", ""E_EXIT""], ""WEST"": [""E_EXIT"", ""S_EXIT"", ""N_EXIT"", ""N_EXIT""]}",63,55,55,"fixed_heuristic,bo_heuristic",55,55,0,True
79,30079,"{""EAST"": 3, ""NORTH"": 5, ""SOUTH"": 4, ""WEST"": 4}","{""EAST"": [6, 7, 8], ""NORTH"": [2, 3, 5, 7, 8], ""SOUTH"": [0, 1, 4, 7], ""WEST"": [0, 4, 4, 7]}","{""EAST"": [""W_EXIT"", ""S_EXIT"", ""S_EXIT""], ""NORTH"": [""E_EXIT"", ""S_EXIT"", ""W_EXIT"", ""S_EXIT"", ""E_EXIT""], ""SOUTH"": [""W_EXIT"", ""W_EXIT"", ""E_EXIT"", ""N_EXIT""], ""WEST"": [""E_EXIT"", ""S_EXIT"", ""S_EXIT"", ""E_EXIT""]}",60,52,52,"fixed_heuristic,bo_heuristic",52,52,0,True
80,30080,"{""EAST"": 4, ""NORTH"": 3, ""SOUTH"": 4, ""WEST"": 5}","{""EAST"": [2, 7, 7, 8], ""NORTH"": [1, 1, 3], ""SOUTH"": [2, 6, 6, 7], ""WEST"": [0, 4, 5, 5, 7]}","{""EAST"": [""W_EXIT"", ""S_EXIT"", ""N_EXIT"", ""N_EXIT""], ""NORTH"": [""S_EXIT"", ""W_EXIT"", ""E_EXIT""], ""SOUTH"": [""N_EXIT"", ""W_EXIT"", ""W_EXIT"", ""W_EXIT""], ""WEST"": [""N_EXIT"", ""N_EXIT"", ""E_EXIT"", ""S_EXIT"", ""S_EXIT""]}",51,51,51,"fcfs,fixed_heuristic,bo_heuristic",51,51,0,True
81,30081,"{""EAST"": 4, ""NORTH"": 4, ""SOUTH"": 5, ""WEST"": 3}","{""EAST"": [3, 3, 5, 6], ""NORTH"": [1, 2, 3, 8], ""SOUTH"": [0, 3, 5, 7, 7], ""WEST"": [1, 3, 6]}","{""EAST"": [""S_EXIT"", ""S_EXIT"", ""S_EXIT"", ""W_EXIT""], ""NORTH"": [""E_EXIT"", ""W_EXIT"", ""E_EXIT"", ""E_EXIT""], ""SOUTH"": [""N_EXIT"", ""E_EXIT"", ""W_EXIT"", ""E_EXIT"", ""E_EXIT""], ""WEST"": [""S_EXIT"", ""S_EXIT"", ""S_EXIT""]}",56,53,53,"fixed_heuristic,bo_heuristic",53,53,0,True
82,30082,"{""EAST"": 6, ""NORTH"": 3, ""SOUTH"": 3, ""WEST"": 4}","{""EAST"": [1, 3, 5, 7, 7, 8], ""NORTH"": [1, 6, 8], ""SOUTH"": [3, 4, 7], ""WEST"": [3, 4, 6, 8]}","{""EAST"": [""N_EXIT"", ""N_EXIT"", ""N_EXIT"", ""N_EXIT"", ""S_EXIT"", ""N_EXIT""], ""NORTH"": [""S_EXIT"", ""S_EXIT"", ""W_EXIT""], ""SOUTH"": [""W_EXIT"", ""E_EXIT"", ""N_EXIT""], ""WEST"": [""N_EXIT"", ""S_EXIT"", ""E_EXIT"", ""N_EXIT""]}",51,46,50,fixed_heuristic,46,50,4,False
83,30083,"{""EAST"": 4, ""NORTH"": 4, ""SOUTH"": 4, ""WEST"": 4}","{""EAST"": [2, 4, 8, 8], ""NORTH"": [1, 2, 3, 4], ""SOUTH"": [6, 7, 7, 8], ""WEST"": [0, 1, 2, 5]}","{""EAST"": [""N_EXIT"", ""W_EXIT"", ""S_EXIT"", ""N_EXIT""], ""NORTH"": [""W_EXIT"", ""W_EXIT"", ""E_EXIT"", ""W_EXIT""], ""SOUTH"": [""N_EXIT"", ""E_EXIT"", ""W_EXIT"", ""N_EXIT""], ""WEST"": [""S_EXIT"", ""S_EXIT"", ""S_EXIT"", ""N_EXIT""]}",50,46,45,bo_heuristic,45,46,1,False
84,30084,"{""EAST"": 4, ""NORTH"": 4, ""SOUTH"": 4, ""WEST"": 4}","{""EAST"": [2, 4, 5, 6], ""NORTH"": [0, 5, 6, 6], ""SOUTH"": [1, 1, 3, 7], ""WEST"": [2, 3, 4, 7]}","{""EAST"": [""S_EXIT"", ""N_EXIT"", ""W_EXIT"", ""N_EXIT""], ""NORTH"": [""S_EXIT"", ""E_EXIT"", ""S_EXIT"", ""E_EXIT""], ""SOUTH"": [""W_EXIT"", ""E_EXIT"", ""E_EXIT"", ""W_EXIT""], ""WEST"": [""S_EXIT"", ""N_EXIT"", ""S_EXIT"", ""E_EXIT""]}",50,48,46,bo_heuristic,46,48,2,False
85,30085,"{""EAST"": 4, ""NORTH"": 2, ""SOUTH"": 4, ""WEST"": 6}","{""EAST"": [2, 5, 7, 8], ""NORTH"": [5, 8], ""SOUTH"": [0, 6, 6, 7], ""WEST"": [2, 2, 3, 4, 7, 7]}","{""EAST"": [""S_EXIT"", ""S_EXIT"", ""N_EXIT"", ""W_EXIT""], ""NORTH"": [""S_EXIT"", ""S_EXIT""], ""SOUTH"": [""W_EXIT"", ""E_EXIT"", ""E_EXIT"", ""W_EXIT""], ""WEST"": [""E_EXIT"", ""N_EXIT"", ""N_EXIT"", ""S_EXIT"", ""S_EXIT"", ""E_EXIT""]}",58,60,52,bo_heuristic,52,58,6,False
86,30086,"{""EAST"": 6, ""NORTH"": 3, ""SOUTH"": 3, ""WEST"": 4}","{""EAST"": [1, 2, 2, 4, 5, 6], ""NORTH"": [2, 3, 5], ""SOUTH"": [1, 4, 7], ""WEST"": [2, 3, 3, 6]}","{""EAST"": [""W_EXIT"", ""W_EXIT"", ""N_EXIT"", ""N_EXIT"", ""W_EXIT"", ""N_EXIT""], ""NORTH"": [""E_EXIT"", ""S_EXIT"", ""E_EXIT""], ""SOUTH"": [""N_EXIT"", ""E_EXIT"", ""W_EXIT""], ""WEST"": [""E_EXIT"", ""E_EXIT"", ""N_EXIT"", ""E_EXIT""]}",56,50,46,bo_heuristic,46,50,4,False
87,30087,"{""EAST"": 6, ""NORTH"": 3, ""SOUTH"": 2, ""WEST"": 5}","{""EAST"": [2, 2, 2, 4, 6, 7], ""NORTH"": [0, 4, 8], ""SOUTH"": [2, 5], ""WEST"": [2, 5, 6, 7, 8]}","{""EAST"": [""N_EXIT"", ""N_EXIT"", ""N_EXIT"", ""S_EXIT"", ""W_EXIT"", ""W_EXIT""], ""NORTH"": [""E_EXIT"", ""E_EXIT"", ""S_EXIT""], ""SOUTH"": [""N_EXIT"", ""N_EXIT""], ""WEST"": [""S_EXIT"", ""E_EXIT"", ""E_EXIT"", ""E_EXIT"", ""N_EXIT""]}",53,47,48,fixed_heuristic,47,48,1,False
88,30088,"{""EAST"": 3, ""NORTH"": 5, ""SOUTH"": 2, ""WEST"": 6}","{""EAST"": [2, 3, 4], ""NORTH"": [3, 4, 4, 5, 8], ""SOUTH"": [3, 8], ""WEST"": [0, 1, 1, 5, 7, 8]}","{""EAST"": [""N_EXIT"", ""N_EXIT"", ""W_EXIT""], ""NORTH"": [""S_EXIT"", ""W_EXIT"", ""E_EXIT"", ""E_EXIT"", ""W_EXIT""], ""SOUTH"": [""N_EXIT"", ""N_EXIT""], ""WEST"": [""S_EXIT"", ""S_EXIT"", ""S_EXIT"", ""S_EXIT"", ""S_EXIT"", ""S_EXIT""]}",47,45,45,"fixed_heuristic,bo_heuristic",45,45,0,True
89,30089,"{""EAST"": 6, ""NORTH"": 2, ""SOUTH"": 4, ""WEST"": 4}","{""EAST"": [0, 0, 2, 4, 7, 8], ""NORTH"": [5, 7], ""SOUTH"": [1, 2, 4, 4], ""WEST"": [1, 1, 7, 8]}","{""EAST"": [""S_EXIT"", ""N_EXIT"", ""W_EXIT"", ""S_EXIT"", ""N_EXIT"", ""S_EXIT""], ""NORTH"": [""S_EXIT"", ""E_EXIT""], ""SOUTH"": [""W_EXIT"", ""W_EXIT"", ""N_EXIT"", ""N_EXIT""], ""WEST"": [""S_EXIT"", ""N_EXIT"", ""N_EXIT"", ""E_EXIT""]}",64,60,56,bo_heuristic,56,60,4,False
90,30090,"{""EAST"": 5, ""NORTH"": 4, ""SOUTH"": 4, ""WEST"": 3}","{""EAST"": [0, 4, 4, 5, 7], ""NORTH"": [0, 2, 2, 8], ""SOUTH"": [6, 6, 7, 8], ""WEST"": [1, 1, 5]}","{""EAST"": [""S_EXIT"", ""N_EXIT"", ""W_EXIT"", ""N_EXIT"", ""N_EXIT""], ""NORTH"": [""W_EXIT"", ""S_EXIT"", ""W_EXIT"", ""S_EXIT""], ""SOUTH"": [""N_EXIT"", ""N_EXIT"", ""W_EXIT"", ""E_EXIT""], ""WEST"": [""S_EXIT"", ""S_EXIT"", ""E_EXIT""]}",44,43,40,bo_heuristic,40,43,3,False
91,30091,"{""EAST"": 3, ""NORTH"": 2, ""SOUTH"": 6, ""WEST"": 5}","{""EAST"": [3, 6, 7], ""NORTH"": [1, 7], ""SOUTH"": [1, 2, 3, 4, 6, 8], ""WEST"": [3, 3, 7, 8, 8]}","{""EAST"": [""S_EXIT"", ""W_EXIT"", ""N_EXIT""], ""NORTH"": [""E_EXIT"", ""E_EXIT""], ""SOUTH"": [""E_EXIT"", ""E_EXIT"", ""E_EXIT"", ""W_EXIT"", ""N_EXIT"", ""W_EXIT""], ""WEST"": [""N_EXIT"", ""N_EXIT"", ""E_EXIT"", ""E_EXIT"", ""S_EXIT""]}",56,53,55,fixed_heuristic,53,55,2,False
92,30092,"{""EAST"": 4, ""NORTH"": 2, ""SOUTH"": 5, ""WEST"": 5}","{""EAST"": [0, 5, 7, 8], ""NORTH"": [5, 8], ""SOUTH"": [1, 1, 3, 3, 6], ""WEST"": [0, 1, 3, 3, 8]}","{""EAST"": [""W_EXIT"", ""N_EXIT"", ""W_EXIT"", ""S_EXIT""], ""NORTH"": [""S_EXIT"", ""S_EXIT""], ""SOUTH"": [""E_EXIT"", ""N_EXIT"", ""W_EXIT"", ""W_EXIT"", ""N_EXIT""], ""WEST"": [""N_EXIT"", ""E_EXIT"", ""E_EXIT"", ""S_EXIT"", ""N_EXIT""]}",53,48,49,fixed_heuristic,48,49,1,False
93,30093,"{""EAST"": 4, ""NORTH"": 2, ""SOUTH"": 4, ""WEST"": 6}","{""EAST"": [3, 5, 5, 7], ""NORTH"": [4, 5], ""SOUTH"": [2, 2, 3, 5], ""WEST"": [0, 2, 6, 6, 6, 8]}","{""EAST"": [""N_EXIT"", ""N_EXIT"", ""S_EXIT"", ""N_EXIT""], ""NORTH"": [""W_EXIT"", ""E_EXIT""], ""SOUTH"": [""E_EXIT"", ""N_EXIT"", ""W_EXIT"", ""W_EXIT""], ""WEST"": [""N_EXIT"", ""S_EXIT"", ""E_EXIT"", ""N_EXIT"", ""E_EXIT"", ""N_EXIT""]}",56,49,49,"fixed_heuristic,bo_heuristic",49,49,0,True
94,30094,"{""EAST"": 4, ""NORTH"": 5, ""SOUTH"": 4, ""WEST"": 3}","{""EAST"": [0, 5, 6, 7], ""NORTH"": [1, 2, 7, 7, 8], ""SOUTH"": [4, 6, 7, 8], ""WEST"": [0, 3, 8]}","{""EAST"": [""N_EXIT"", ""W_EXIT"", ""W_EXIT"", ""S_EXIT""], ""NORTH"": [""S_EXIT"", ""E_EXIT"", ""S_EXIT"", ""S_EXIT"", ""S_EXIT""], ""SOUTH"": [""W_EXIT"", ""E_EXIT"", ""N_EXIT"", ""N_EXIT""], ""WEST"": [""S_EXIT"", ""N_EXIT"", ""S_EXIT""]}",55,52,49,bo_heuristic,49,52,3,False
95,30095,"{""EAST"": 4, ""NORTH"": 4, ""SOUTH"": 4, ""WEST"": 4}","{""EAST"": [1, 5, 7, 8], ""NORTH"": [2, 3, 3, 7], ""SOUTH"": [0, 2, 4, 5], ""WEST"": [4, 5, 7, 8]}","{""EAST"": [""S_EXIT"", ""S_EXIT"", ""W_EXIT"", ""N_EXIT""], ""NORTH"": [""W_EXIT"", ""W_EXIT"", ""W_EXIT"", ""E_EXIT""], ""SOUTH"": [""E_EXIT"", ""E_EXIT"", ""W_EXIT"", ""N_EXIT""], ""WEST"": [""S_EXIT"", ""S_EXIT"", ""N_EXIT"", ""E_EXIT""]}",50,46,47,fixed_heuristic,46,47,1,False
96,30096,"{""EAST"": 4, ""NORTH"": 3, ""SOUTH"": 6, ""WEST"": 3}","{""EAST"": [2, 2, 4, 6], ""NORTH"": [2, 2, 8], ""SOUTH"": [1, 2, 3, 4, 4, 6], ""WEST"": [1, 7, 8]}","{""EAST"": [""S_EXIT"", ""S_EXIT"", ""W_EXIT"", ""N_EXIT""], ""NORTH"": [""W_EXIT"", ""E_EXIT"", ""W_EXIT""], ""SOUTH"": [""N_EXIT"", ""W_EXIT"", ""E_EXIT"", ""W_EXIT"", ""N_EXIT"", ""N_EXIT""], ""WEST"": [""N_EXIT"", ""E_EXIT"", ""E_EXIT""]}",62,57,57,"fixed_heuristic,bo_heuristic",57,57,0,True
97,30097,"{""EAST"": 6, ""NORTH"": 5, ""SOUTH"": 3, ""WEST"": 2}","{""EAST"": [4, 4, 7, 8, 8, 8], ""NORTH"": [0, 0, 1, 4, 8], ""SOUTH"": [0, 5, 7], ""WEST"": [3, 7]}","{""EAST"": [""N_EXIT"", ""N_EXIT"", ""W_EXIT"", ""N_EXIT"", ""W_EXIT"", ""W_EXIT""], ""NORTH"": [""S_EXIT"", ""E_EXIT"", ""E_EXIT"", ""E_EXIT"", ""W_EXIT""], ""SOUTH"": [""W_EXIT"", ""E_EXIT"", ""E_EXIT""], ""WEST"": [""S_EXIT"", ""E_EXIT""]}",50,45,43,bo_heuristic,43,45,2,False
98,30098,"{""EAST"": 3, ""NORTH"": 5, ""SOUTH"": 4, ""WEST"": 4}","{""EAST"": [0, 2, 8], ""NORTH"": [0, 2, 3, 4, 6], ""SOUTH"": [0, 1, 3, 4], ""WEST"": [3, 5, 6, 7]}","{""EAST"": [""W_EXIT"", ""S_EXIT"", ""S_EXIT""], ""NORTH"": [""S_EXIT"", ""E_EXIT"", ""S_EXIT"", ""E_EXIT"", ""E_EXIT""], ""SOUTH"": [""N_EXIT"", ""W_EXIT"", ""E_EXIT"", ""N_EXIT""], ""WEST"": [""N_EXIT"", ""E_EXIT"", ""S_EXIT"", ""S_EXIT""]}",57,56,55,bo_heuristic,55,56,1,False
99,30099,"{""EAST"": 6, ""NORTH"": 5, ""SOUTH"": 2, ""WEST"": 3}","{""EAST"": [0, 2, 2, 3, 3, 7], ""NORTH"": [3, 5, 7, 8, 8], ""SOUTH"": [1, 6], ""WEST"": [0, 2, 4]}","{""EAST"": [""N_EXIT"", ""N_EXIT"", ""N_EXIT"", ""N_EXIT"", ""S_EXIT"", ""W_EXIT""], ""NORTH"": [""W_EXIT"", ""W_EXIT"", ""S_EXIT"", ""S_EXIT"", ""W_EXIT""], ""SOUTH"": [""N_EXIT"", ""W_EXIT""], ""WEST"": [""E_EXIT"", ""N_EXIT"", ""E_EXIT""]}",49,45,45,"fixed_heuristic,bo_heuristic",45,45,0,True
