trial_index,source,objective_avg_total_time,best_so_far_avg_total_time,weights_json,gp_mu,gp_sigma,lcb,waiting,maneuver,exit_competition,path_conflict,approach_queue
0,fixed_greedy_best_anchor,49.95,49.95,"{""approach_queue"": 0.0, ""exit_competition"": 1.2, ""maneuver"": 0.0, ""path_conflict"": 2.4, ""remaining_path"": 0.0, ""same_direction_backlog"": 0.0, ""waiting"": 1.8}",nan,nan,nan,1.8,0.0,1.2,2.4,0.0
1,structural_prior,49.85,49.85,"{""approach_queue"": -1.5, ""exit_competition"": 0.0, ""maneuver"": -1.0, ""path_conflict"": 1.5, ""remaining_path"": 0.0, ""same_direction_backlog"": 0.0, ""waiting"": 1.0}",nan,nan,nan,1.0,-1.0,0.0,1.5,-1.5
2,structural_prior,51.96,49.85,"{""approach_queue"": -2.0, ""exit_competition"": -1.5, ""maneuver"": 1.6, ""path_conflict"": 0.5, ""remaining_path"": 0.0, ""same_direction_backlog"": 0.0, ""waiting"": 0.4}",nan,nan,nan,0.4,1.6,-1.5,0.5,-2.0
3,structural_prior,49.81,49.81,"{""approach_queue"": 0.0, ""exit_competition"": 1.8, ""maneuver"": -0.6, ""path_conflict"": 2.4, ""remaining_path"": 0.0, ""same_direction_backlog"": 0.0, ""waiting"": 1.8}",nan,nan,nan,1.8,-0.6,1.8,2.4,0.0
4,structural_prior,50.06,49.81,"{""approach_queue"": -2.2, ""exit_competition"": 0.0, ""maneuver"": 0.0, ""path_conflict"": 2.8, ""remaining_path"": 0.0, ""same_direction_backlog"": 0.0, ""waiting"": 0.0}",nan,nan,nan,0.0,0.0,0.0,2.8,-2.2
5,local_perturbation,50.12,49.81,"{""approach_queue"": 0.5033049085948339, ""exit_competition"": 1.5005753333795016, ""maneuver"": 0.17574716651283703, ""path_conflict"": 3.0, ""remaining_path"": 0.0, ""same_direction_backlog"": 0.0, ""waiting"": 1.875983973079762}",nan,nan,nan,1.875983973079762,0.17574716651283703,1.5005753333795016,3.0,0.5033049085948339
6,local_perturbation,50.12,49.81,"{""approach_queue"": -0.8501468847958924, ""exit_competition"": 1.2712763673994014, ""maneuver"": 0.3530177757639112, ""path_conflict"": 2.3965554853284803, ""remaining_path"": 0.0, ""same_direction_backlog"": 0.0, ""waiting"": 1.6746493504186044}",nan,nan,nan,1.6746493504186044,0.3530177757639112,1.2712763673994014,2.3965554853284803,-0.8501468847958924
7,local_perturbation,49.94,49.81,"{""approach_queue"": -0.4020120865232864, ""exit_competition"": 2.066532009256189, ""maneuver"": -0.05800108490936281, ""path_conflict"": 3.0, ""remaining_path"": 0.0, ""same_direction_backlog"": 0.0, ""waiting"": 1.6793627636641422}",nan,nan,nan,1.6793627636641422,-0.05800108490936281,2.066532009256189,3.0,-0.4020120865232864
8,local_perturbation,50.15,49.81,"{""approach_queue"": -0.43704942797754465, ""exit_competition"": 1.0792862745275627, ""maneuver"": 0.23611771170902407, ""path_conflict"": 2.635494118076269, ""remaining_path"": 0.0, ""same_direction_backlog"": 0.0, ""waiting"": 1.7978141287070553}",nan,nan,nan,1.7978141287070553,0.23611771170902407,1.0792862745275627,2.635494118076269,-0.43704942797754465
9,local_perturbation,49.69,49.69,"{""approach_queue"": 0.4907972245895363, ""exit_competition"": 0.9144385764656738, ""maneuver"": -1.3353390134470404, ""path_conflict"": 3.0, ""remaining_path"": 0.0, ""same_direction_backlog"": 0.0, ""waiting"": 1.4580547792293796}",nan,nan,nan,1.4580547792293796,-1.3353390134470404,0.9144385764656738,3.0,0.4907972245895363
10,local_perturbation,49.9,49.69,"{""approach_queue"": -0.257866613173387, ""exit_competition"": 1.3246629734911597, ""maneuver"": -0.20576616617043125, ""path_conflict"": 2.579612894309479, ""remaining_path"": 0.0, ""same_direction_backlog"": 0.0, ""waiting"": 1.2282119976085495}",nan,nan,nan,1.2282119976085495,-0.20576616617043125,1.3246629734911597,2.579612894309479,-0.257866613173387
11,local_perturbation,49.86,49.69,"{""approach_queue"": -0.12655130247926957, ""exit_competition"": 2.5, ""maneuver"": -0.15312349910791198, ""path_conflict"": 1.749809466870961, ""remaining_path"": 0.0, ""same_direction_backlog"": 0.0, ""waiting"": 1.01058225298897}",nan,nan,nan,1.01058225298897,-0.15312349910791198,2.5,1.749809466870961,-0.12655130247926957
12,local_perturbation,49.95,49.69,"{""approach_queue"": -0.13006931964134802, ""exit_competition"": 1.6835020213377834, ""maneuver"": -0.3633938013182024, ""path_conflict"": 1.4289530306084082, ""remaining_path"": 0.0, ""same_direction_backlog"": 0.0, ""waiting"": 1.5523508136701967}",nan,nan,nan,1.5523508136701967,-0.3633938013182024,1.6835020213377834,1.4289530306084082,-0.13006931964134802
13,random,50.55,49.69,"{""approach_queue"": 1.4105717188612692, ""exit_competition"": -0.5354387986335691, ""maneuver"": 0.1377938650055679, ""path_conflict"": 1.622833337431481, ""remaining_path"": 0.0, ""same_direction_backlog"": 0.0, ""waiting"": 0.11803035679788298}",nan,nan,nan,0.11803035679788298,0.1377938650055679,-0.5354387986335691,1.622833337431481,1.4105717188612692
14,random,50.1,49.69,"{""approach_queue"": -0.7636606305641147, ""exit_competition"": -0.09429031420612288, ""maneuver"": 1.3403761034651653, ""path_conflict"": 0.8085721111497977, ""remaining_path"": 0.0, ""same_direction_backlog"": 0.0, ""waiting"": 2.2613863768521476}",nan,nan,nan,2.2613863768521476,1.3403761034651653,-0.09429031420612288,0.8085721111497977,-0.7636606305641147
15,random,50.09,49.69,"{""approach_queue"": -2.429312166360289, ""exit_competition"": 1.0971128357519233, ""maneuver"": 1.3372612510965833, ""path_conflict"": 1.4563170755093102, ""remaining_path"": 0.0, ""same_direction_backlog"": 0.0, ""waiting"": 2.215858277090928}",nan,nan,nan,2.215858277090928,1.3372612510965833,1.0971128357519233,1.4563170755093102,-2.429312166360289
16,random,49.72,49.69,"{""approach_queue"": -1.460374895021924, ""exit_competition"": 0.4367080175520588, ""maneuver"": -1.5412393094413765, ""path_conflict"": 1.1096860059454348, ""remaining_path"": 0.0, ""same_direction_backlog"": 0.0, ""waiting"": 1.8669223554484846}",nan,nan,nan,1.8669223554484846,-1.5412393094413765,0.4367080175520588,1.1096860059454348,-1.460374895021924
17,random,50.07,49.69,"{""approach_queue"": -0.38922935359373945, ""exit_competition"": -2.4345917768501595, ""maneuver"": -0.973072624768724, ""path_conflict"": 2.3588383728257347, ""remaining_path"": 0.0, ""same_direction_backlog"": 0.0, ""waiting"": 0.8184987270181282}",nan,nan,nan,0.8184987270181282,-0.973072624768724,-2.4345917768501595,2.3588383728257347,-0.38922935359373945
18,random,50.02,49.69,"{""approach_queue"": -2.1436186533723234, ""exit_competition"": 2.0091703464694497, ""maneuver"": -1.7175769263188672, ""path_conflict"": 0.3166914690329774, ""remaining_path"": 0.0, ""same_direction_backlog"": 0.0, ""waiting"": 0.4791303063576319}",nan,nan,nan,0.4791303063576319,-1.7175769263188672,2.0091703464694497,0.3166914690329774,-2.1436186533723234
19,random,50.13,49.69,"{""approach_queue"": -1.995323374771124, ""exit_competition"": -2.447659489446451, ""maneuver"": -0.8881179083618012, ""path_conflict"": 0.2605828757621125, ""remaining_path"": 0.0, ""same_direction_backlog"": 0.0, ""waiting"": 1.2927002163077772}",nan,nan,nan,1.2927002163077772,-0.8881179083618012,-2.447659489446451,0.2605828757621125,-1.995323374771124
20,random,50.28,49.69,"{""approach_queue"": -2.3171873162283454, ""exit_competition"": -1.054559748641718, ""maneuver"": -1.4501929314117605, ""path_conflict"": 1.8378556926510532, ""remaining_path"": 0.0, ""same_direction_backlog"": 0.0, ""waiting"": 0.5276322364912056}",nan,nan,nan,0.5276322364912056,-1.4501929314117605,-1.054559748641718,1.8378556926510532,-2.3171873162283454
21,lcb,49.85,49.69,"{""approach_queue"": 0.8515136082350208, ""exit_competition"": -1.3693636244709007, ""maneuver"": -1.3987407900919688, ""path_conflict"": 1.036062407636293, ""remaining_path"": 0.0, ""same_direction_backlog"": 0.0, ""waiting"": 2.4051021787057}",49.6650566135281,0.392438984287293,48.48773966066622,2.4051021787057,-1.3987407900919688,-1.3693636244709007,1.036062407636293,0.8515136082350208
22,lcb,50.21,49.69,"{""approach_queue"": -2.0222089949180293, ""exit_competition"": 2.2133154394097234, ""maneuver"": -1.150991739934471, ""path_conflict"": 2.5755745261987926, ""remaining_path"": 0.0, ""same_direction_backlog"": 0.0, ""waiting"": 0.053808637731171394}",49.70194436835827,0.33339741853419946,48.70175211275567,0.053808637731171394,-1.150991739934471,2.2133154394097234,2.5755745261987926,-2.0222089949180293
23,lcb,49.87,49.69,"{""approach_queue"": -2.3407419933239275, ""exit_competition"": -2.2238492675783634, ""maneuver"": -1.8903529741760394, ""path_conflict"": -0.8023356213547403, ""remaining_path"": 0.0, ""same_direction_backlog"": 0.0, ""waiting"": 2.2919574494859276}",49.91703150505409,0.3678558180081134,48.81346405102975,2.2919574494859276,-1.8903529741760394,-2.2238492675783634,-0.8023356213547403,-2.3407419933239275
24,lcb,49.82,49.69,"{""approach_queue"": -2.1822466458382044, ""exit_competition"": -2.0581946576635426, ""maneuver"": -1.6275586953445544, ""path_conflict"": 1.669000046517176, ""remaining_path"": 0.0, ""same_direction_backlog"": 0.0, ""waiting"": 2.3863194254555444}",49.85877589614062,0.34114493165473075,48.835341101176425,2.3863194254555444,-1.6275586953445544,-2.0581946576635426,1.669000046517176,-2.1822466458382044
25,lcb,50.41,49.69,"{""approach_queue"": 1.6634524957209935, ""exit_competition"": 2.3159679844796592, ""maneuver"": 1.9147171991401883, ""path_conflict"": 0.35400368921465875, ""remaining_path"": 0.0, ""same_direction_backlog"": 0.0, ""waiting"": 2.3909848986119138}",50.024116569014105,0.3982995787241773,48.82921783284157,2.3909848986119138,1.9147171991401883,2.3159679844796592,0.35400368921465875,1.6634524957209935
26,lcb,49.72,49.69,"{""approach_queue"": 1.632654908467897, ""exit_competition"": -1.8063674782614003, ""maneuver"": -1.6892997916988342, ""path_conflict"": 2.7376201680434824, ""remaining_path"": 0.0, ""same_direction_backlog"": 0.0, ""waiting"": 2.136864568385178}",49.85317492532466,0.3168308064661108,48.90268250592633,2.136864568385178,-1.6892997916988342,-1.8063674782614003,2.7376201680434824,1.632654908467897
27,lcb,50.2,49.69,"{""approach_queue"": 1.8083656190255386, ""exit_competition"": -2.2054435693917522, ""maneuver"": 1.2441666587513476, ""path_conflict"": 1.4517062838238952, ""remaining_path"": 0.0, ""same_direction_backlog"": 0.0, ""waiting"": 2.309864926124116}",50.04821260676538,0.384058412875215,48.89603736813974,2.309864926124116,1.2441666587513476,-2.2054435693917522,1.4517062838238952,1.8083656190255386
28,lcb,49.97,49.69,"{""approach_queue"": 0.5000041413238443, ""exit_competition"": -0.8725018760604142, ""maneuver"": -1.9896670860781942, ""path_conflict"": -0.9570242115228056, ""remaining_path"": 0.0, ""same_direction_backlog"": 0.0, ""waiting"": 0.9727574741739222}",50.08933317609258,0.3808034860152837,48.94692271804673,0.9727574741739222,-1.9896670860781942,-0.8725018760604142,-0.9570242115228056,0.5000041413238443
29,lcb,49.93,49.69,"{""approach_queue"": 1.9677006867245996, ""exit_competition"": -0.6560168676477662, ""maneuver"": -1.9399429218853421, ""path_conflict"": 2.50768258895181, ""remaining_path"": 0.0, ""same_direction_backlog"": 0.0, ""waiting"": 0.9959228266955131}",49.81013686483688,0.28038705532438674,48.968975698863716,0.9959228266955131,-1.9399429218853421,-0.6560168676477662,2.50768258895181,1.9677006867245996
30,lcb,49.82,49.69,"{""approach_queue"": -0.34692581948657786, ""exit_competition"": -0.959959589106361, ""maneuver"": -1.8893480789440402, ""path_conflict"": 2.686283095710315, ""remaining_path"": 0.0, ""same_direction_backlog"": 0.0, ""waiting"": 1.7936569203748203}",49.59883610329795,0.2017963732695371,48.993446983489335,1.7936569203748203,-1.8893480789440402,-0.959959589106361,2.686283095710315,-0.34692581948657786
31,lcb,49.83,49.69,"{""approach_queue"": 1.981062674406207, ""exit_competition"": 0.5237014781051457, ""maneuver"": -1.310188207564848, ""path_conflict"": 2.39130634246356, ""remaining_path"": 0.0, ""same_direction_backlog"": 0.0, ""waiting"": 2.4999285294415308}",49.78546851235144,0.26167659415136596,49.00043872989735,2.4999285294415308,-1.310188207564848,0.5237014781051457,2.39130634246356,1.981062674406207
32,lcb,50.38,49.69,"{""approach_queue"": -2.2793780287972836, ""exit_competition"": 2.438164423501873, ""maneuver"": 1.2063297454568231, ""path_conflict"": -0.8233266839444191, ""remaining_path"": 0.0, ""same_direction_backlog"": 0.0, ""waiting"": 2.396947792996946}",50.07574259710742,0.35433702251792554,49.01273152955365,2.396947792996946,1.2063297454568231,2.438164423501873,-0.8233266839444191,-2.2793780287972836
33,lcb,50.24,49.69,"{""approach_queue"": 1.2016554108389776, ""exit_competition"": 2.3008222792695268, ""maneuver"": -1.783484077562541, ""path_conflict"": -0.9440106576534828, ""remaining_path"": 0.0, ""same_direction_backlog"": 0.0, ""waiting"": 0.23636261501041783}",50.1428756077154,0.3621830600758001,49.056326427488,0.23636261501041783,-1.783484077562541,2.3008222792695268,-0.9440106576534828,1.2016554108389776
34,lcb,49.84,49.69,"{""approach_queue"": -2.3335246671584864, ""exit_competition"": -0.026396351135786755, ""maneuver"": -1.973996770415853, ""path_conflict"": -0.6603774092122019, ""remaining_path"": 0.0, ""same_direction_backlog"": 0.0, ""waiting"": 1.6513477551141653}",49.811017174320504,0.25065960999003256,49.059038344350405,1.6513477551141653,-1.973996770415853,-0.026396351135786755,-0.6603774092122019,-2.3335246671584864
35,lcb,50.16,49.69,"{""approach_queue"": -1.2354551216880796, ""exit_competition"": -2.4637706423008003, ""maneuver"": 0.19634999646371654, ""path_conflict"": -0.9810438309360743, ""remaining_path"": 0.0, ""same_direction_backlog"": 0.0, ""waiting"": 2.498181914881145}",50.02711946525639,0.31776737019072615,49.07381735468421,2.498181914881145,0.19634999646371654,-2.4637706423008003,-0.9810438309360743,-1.2354551216880796
36,lcb,50.15,49.69,"{""approach_queue"": 1.6012017004998222, ""exit_competition"": 2.4265597424653773, ""maneuver"": -1.4651833363829279, ""path_conflict"": 2.720926778712146, ""remaining_path"": 0.0, ""same_direction_backlog"": 0.0, ""waiting"": 0.3611247884292462}",49.96591860350754,0.2962630763908532,49.07712937433498,0.3611247884292462,-1.4651833363829279,2.4265597424653773,2.720926778712146,1.6012017004998222
37,lcb,51.93,49.69,"{""approach_queue"": 1.5417892989963882, ""exit_competition"": 2.428297610753842, ""maneuver"": 1.7673803251578173, ""path_conflict"": -0.8023852904293509, ""remaining_path"": 0.0, ""same_direction_backlog"": 0.0, ""waiting"": 0.06915736724527333}",50.20682422877919,0.3621259502221296,49.1204463781128,0.06915736724527333,1.7673803251578173,2.428297610753842,-0.8023852904293509,1.5417892989963882
38,lcb,50.23,49.69,"{""approach_queue"": 1.940727694537732, ""exit_competition"": -2.3251734347852975, ""maneuver"": -1.5940934182351896, ""path_conflict"": -0.9995373102532872, ""remaining_path"": 0.0, ""same_direction_backlog"": 0.0, ""waiting"": 0.13365548379400155}",50.126787160385256,0.40955606946261236,48.89811895199742,0.13365548379400155,-1.5940934182351896,-2.3251734347852975,-0.9995373102532872,1.940727694537732
39,lcb,51.91,49.69,"{""approach_queue"": -2.226662329163134, ""exit_competition"": 2.411153625189402, ""maneuver"": 1.9854850412078537, ""path_conflict"": 2.970145397334231, ""remaining_path"": 0.0, ""same_direction_backlog"": 0.0, ""waiting"": 0.3833424309597458}",50.08729274425208,0.4152971368278623,48.841401333768495,0.3833424309597458,1.9854850412078537,2.411153625189402,2.970145397334231,-2.226662329163134
40,lcb,49.73,49.69,"{""approach_queue"": -2.2310961250375905, ""exit_competition"": 2.206336575131309, ""maneuver"": -1.2409398093740598, ""path_conflict"": 2.5767592635651324, ""remaining_path"": 0.0, ""same_direction_backlog"": 0.0, ""waiting"": 2.350001817422413}",49.96494955866936,0.387735285968205,48.801743700764746,2.350001817422413,-1.2409398093740598,2.206336575131309,2.5767592635651324,-2.2310961250375905
41,lcb,49.71,49.69,"{""approach_queue"": -2.42806431483905, ""exit_competition"": 2.1908674826392076, ""maneuver"": -1.7815500478427082, ""path_conflict"": -0.6138426783322299, ""remaining_path"": 0.0, ""same_direction_backlog"": 0.0, ""waiting"": 2.476043541420321}",50.13685847606105,0.4313301148801999,48.84286813142045,2.476043541420321,-1.7815500478427082,2.1908674826392076,-0.6138426783322299,-2.42806431483905
42,lcb,50.2,49.69,"{""approach_queue"": 0.14643665413857443, ""exit_competition"": 0.048342393601839895, ""maneuver"": -1.9393023254549746, ""path_conflict"": 2.924879386057864, ""remaining_path"": 0.0, ""same_direction_backlog"": 0.0, ""waiting"": 0.052173052473207804}",50.05141722205699,0.3919501074949042,48.87556689957228,0.052173052473207804,-1.9393023254549746,0.048342393601839895,2.924879386057864,0.14643665413857443
43,lcb,50.0,49.69,"{""approach_queue"": -2.425445131164123, ""exit_competition"": 0.5194892095353594, ""maneuver"": -0.6468578239282214, ""path_conflict"": 0.8145032642947525, ""remaining_path"": 0.0, ""same_direction_backlog"": 0.0, ""waiting"": 2.4697932372374325}",49.64461639799321,0.28444520370463416,48.791280786879305,2.4697932372374325,-0.6468578239282214,0.5194892095353594,0.8145032642947525,-2.425445131164123
44,lcb,50.01,49.69,"{""approach_queue"": 1.2264375536034504, ""exit_competition"": -2.493316115248812, ""maneuver"": -1.988704052433806, ""path_conflict"": -0.9994954637117712, ""remaining_path"": 0.0, ""same_direction_backlog"": 0.0, ""waiting"": 2.38948997544676}",50.08215806755937,0.42574364962724326,48.80492711867764,2.38948997544676,-1.988704052433806,-2.493316115248812,-0.9994954637117712,1.2264375536034504
45,lcb,50.2,49.69,"{""approach_queue"": -1.6791967980536289, ""exit_competition"": -2.4631430763852724, ""maneuver"": 1.3896688959132493, ""path_conflict"": 1.8850285670689075, ""remaining_path"": 0.0, ""same_direction_backlog"": 0.0, ""waiting"": 2.393940385042876}",50.267292101122216,0.4316799167246031,48.97225235094841,2.393940385042876,1.3896688959132493,-2.4631430763852724,1.8850285670689075,-1.6791967980536289
46,lcb,49.79,49.69,"{""approach_queue"": -2.350769409040267, ""exit_competition"": 2.4924915403279764, ""maneuver"": -1.5619523722422315, ""path_conflict"": 1.578749567561014, ""remaining_path"": 0.0, ""same_direction_backlog"": 0.0, ""waiting"": 1.3360282132149273}",49.755309265916694,0.2854892983999482,48.89884137071685,1.3360282132149273,-1.5619523722422315,2.4924915403279764,1.578749567561014,-2.350769409040267
47,lcb,50.65,49.69,"{""approach_queue"": 1.8628826312850828, ""exit_competition"": -2.3970232523305284, ""maneuver"": 1.9227278879448297, ""path_conflict"": -0.6810482477707889, ""remaining_path"": 0.0, ""same_direction_backlog"": 0.0, ""waiting"": 2.437480152510153}",50.24528870617515,0.43868534155154754,48.92923268152051,2.437480152510153,1.9227278879448297,-2.3970232523305284,-0.6810482477707889,1.8628826312850828
48,lcb,49.66,49.66,"{""approach_queue"": 1.9345608041929463, ""exit_competition"": 1.4539463213853687, ""maneuver"": -1.7823979392556368, ""path_conflict"": -0.8894222882728342, ""remaining_path"": 0.0, ""same_direction_backlog"": 0.0, ""waiting"": 2.376361971663026}",50.29512862773433,0.46511639390459075,48.89977944602056,2.376361971663026,-1.7823979392556368,1.4539463213853687,-0.8894222882728342,1.9345608041929463
49,lcb,49.74,49.66,"{""approach_queue"": 0.18674016503197777, ""exit_competition"": 0.937908094426521, ""maneuver"": -1.791658922347903, ""path_conflict"": -0.8778104642267013, ""remaining_path"": 0.0, ""same_direction_backlog"": 0.0, ""waiting"": 2.430222055531184}",49.7844779644436,0.30144488946327336,48.88014329605378,2.430222055531184,-1.791658922347903,0.937908094426521,-0.8778104642267013,0.18674016503197777
