run_index,scenario_seed,fcfs_total_time,fixed_heuristic_total_time,bo_heuristic_total_time,best_policy,num_best_policies,fixed_minus_fcfs,fixed_improvement_pct_vs_fcfs,bo_minus_fcfs,bo_improvement_pct_vs_fcfs,bo_minus_fixed,bo_improvement_pct_vs_fixed
0,30000,56,55,54,bo_heuristic,1,-1,1.7857142857142856,-2,3.571428571428571,-1,1.8181818181818181
1,30001,51,52,48,bo_heuristic,1,1,-1.9607843137254901,-3,5.88235294117647,-4,7.6923076923076925
2,30002,61,56,56,"fixed_heuristic,bo_heuristic",2,-5,8.19672131147541,-5,8.19672131147541,0,0.0
3,30003,60,56,56,"fixed_heuristic,bo_heuristic",2,-4,6.666666666666667,-4,6.666666666666667,0,0.0
4,30004,59,58,58,"fixed_heuristic,bo_heuristic",2,-1,1.694915254237288,-1,1.694915254237288,0,0.0
5,30005,49,43,43,"fixed_heuristic,bo_heuristic",2,-6,12.244897959183673,-6,12.244897959183673,0,0.0
6,30006,45,45,43,bo_heuristic,1,0,0.0,-2,4.444444444444445,-2,4.444444444444445
7,30007,66,60,66,fixed_heuristic,1,-6,9.090909090909092,0,0.0,6,-10.0
8,30008,57,47,47,"fixed_heuristic,bo_heuristic",2,-10,17.543859649122805,-10,17.543859649122805,0,0.0
9,30009,55,49,49,"fixed_heuristic,bo_heuristic",2,-6,10.909090909090908,-6,10.909090909090908,0,0.0
10,30010,50,46,46,"fixed_heuristic,bo_heuristic",2,-4,8.0,-4,8.0,0,0.0
11,30011,54,45,47,fixed_heuristic,1,-9,16.666666666666664,-7,12.962962962962962,2,-4.444444444444445
12,30012,66,57,57,"fixed_heuristic,bo_heuristic",2,-9,13.636363636363635,-9,13.636363636363635,0,0.0
13,30013,58,52,52,"fixed_heuristic,bo_heuristic",2,-6,10.344827586206897,-6,10.344827586206897,0,0.0
14,30014,59,51,51,"fixed_heuristic,bo_heuristic",2,-8,13.559322033898304,-8,13.559322033898304,0,0.0
15,30015,56,48,47,bo_heuristic,1,-8,14.285714285714285,-9,16.071428571428573,-1,2.083333333333333
16,30016,53,50,50,"fixed_heuristic,bo_heuristic",2,-3,5.660377358490567,-3,5.660377358490567,0,0.0
17,30017,55,51,47,bo_heuristic,1,-4,7.2727272727272725,-8,14.545454545454545,-4,7.8431372549019605
18,30018,54,47,45,bo_heuristic,1,-7,12.962962962962962,-9,16.666666666666664,-2,4.25531914893617
19,30019,57,53,56,fixed_heuristic,1,-4,7.017543859649122,-1,1.7543859649122806,3,-5.660377358490567
20,30020,50,52,52,fcfs,1,2,-4.0,2,-4.0,0,0.0
21,30021,63,58,57,bo_heuristic,1,-5,7.936507936507936,-6,9.523809523809524,-1,1.7241379310344827
22,30022,69,59,59,"fixed_heuristic,bo_heuristic",2,-10,14.492753623188406,-10,14.492753623188406,0,0.0
23,30023,47,44,45,fixed_heuristic,1,-3,6.382978723404255,-2,4.25531914893617,1,-2.272727272727273
24,30024,64,55,54,bo_heuristic,1,-9,14.0625,-10,15.625,-1,1.8181818181818181
25,30025,45,43,42,bo_heuristic,1,-2,4.444444444444445,-3,6.666666666666667,-1,2.3255813953488373
26,30026,50,49,49,"fixed_heuristic,bo_heuristic",2,-1,2.0,-1,2.0,0,0.0
27,30027,61,53,54,fixed_heuristic,1,-8,13.114754098360656,-7,11.475409836065573,1,-1.8867924528301887
28,30028,54,52,52,"fixed_heuristic,bo_heuristic",2,-2,3.7037037037037033,-2,3.7037037037037033,0,0.0
29,30029,55,52,48,bo_heuristic,1,-3,5.454545454545454,-7,12.727272727272727,-4,7.6923076923076925
30,30030,61,54,54,"fixed_heuristic,bo_heuristic",2,-7,11.475409836065573,-7,11.475409836065573,0,0.0
31,30031,61,52,53,fixed_heuristic,1,-9,14.754098360655737,-8,13.114754098360656,1,-1.9230769230769231
32,30032,51,46,45,bo_heuristic,1,-5,9.803921568627452,-6,11.76470588235294,-1,2.1739130434782608
33,30033,61,54,54,"fixed_heuristic,bo_heuristic",2,-7,11.475409836065573,-7,11.475409836065573,0,0.0
34,30034,53,48,49,fixed_heuristic,1,-5,9.433962264150944,-4,7.547169811320755,1,-2.083333333333333
35,30035,60,54,54,"fixed_heuristic,bo_heuristic",2,-6,10.0,-6,10.0,0,0.0
36,30036,59,56,56,"fixed_heuristic,bo_heuristic",2,-3,5.084745762711865,-3,5.084745762711865,0,0.0
37,30037,55,50,49,bo_heuristic,1,-5,9.090909090909092,-6,10.909090909090908,-1,2.0
38,30038,57,52,51,bo_heuristic,1,-5,8.771929824561402,-6,10.526315789473683,-1,1.9230769230769231
39,30039,50,48,48,"fixed_heuristic,bo_heuristic",2,-2,4.0,-2,4.0,0,0.0
40,30040,46,43,42,bo_heuristic,1,-3,6.521739130434782,-4,8.695652173913043,-1,2.3255813953488373
41,30041,51,51,51,"fcfs,fixed_heuristic,bo_heuristic",3,0,0.0,0,0.0,0,0.0
42,30042,55,48,50,fixed_heuristic,1,-7,12.727272727272727,-5,9.090909090909092,2,-4.166666666666666
43,30043,57,55,55,"fixed_heuristic,bo_heuristic",2,-2,3.508771929824561,-2,3.508771929824561,0,0.0
44,30044,58,52,51,bo_heuristic,1,-6,10.344827586206897,-7,12.068965517241379,-1,1.9230769230769231
45,30045,45,41,44,fixed_heuristic,1,-4,8.88888888888889,-1,2.2222222222222223,3,-7.317073170731707
46,30046,56,50,50,"fixed_heuristic,bo_heuristic",2,-6,10.714285714285714,-6,10.714285714285714,0,0.0
47,30047,60,48,48,"fixed_heuristic,bo_heuristic",2,-12,20.0,-12,20.0,0,0.0
48,30048,54,46,50,fixed_heuristic,1,-8,14.814814814814813,-4,7.4074074074074066,4,-8.695652173913043
49,30049,58,55,55,"fixed_heuristic,bo_heuristic",2,-3,5.172413793103448,-3,5.172413793103448,0,0.0
50,30050,53,50,49,bo_heuristic,1,-3,5.660377358490567,-4,7.547169811320755,-1,2.0
51,30051,54,55,53,bo_heuristic,1,1,-1.8518518518518516,-1,1.8518518518518516,-2,3.6363636363636362
52,30052,52,52,50,bo_heuristic,1,0,0.0,-2,3.8461538461538463,-2,3.8461538461538463
53,30053,52,52,51,bo_heuristic,1,0,0.0,-1,1.9230769230769231,-1,1.9230769230769231
54,30054,58,52,51,bo_heuristic,1,-6,10.344827586206897,-7,12.068965517241379,-1,1.9230769230769231
55,30055,61,54,51,bo_heuristic,1,-7,11.475409836065573,-10,16.39344262295082,-3,5.555555555555555
56,30056,58,49,49,"fixed_heuristic,bo_heuristic",2,-9,15.517241379310345,-9,15.517241379310345,0,0.0
57,30057,56,43,43,"fixed_heuristic,bo_heuristic",2,-13,23.214285714285715,-13,23.214285714285715,0,0.0
58,30058,52,47,47,"fixed_heuristic,bo_heuristic",2,-5,9.615384615384617,-5,9.615384615384617,0,0.0
59,30059,54,41,41,"fixed_heuristic,bo_heuristic",2,-13,24.074074074074073,-13,24.074074074074073,0,0.0
60,30060,57,49,49,"fixed_heuristic,bo_heuristic",2,-8,14.035087719298245,-8,14.035087719298245,0,0.0
61,30061,58,55,55,"fixed_heuristic,bo_heuristic",2,-3,5.172413793103448,-3,5.172413793103448,0,0.0
62,30062,49,42,44,fixed_heuristic,1,-7,14.285714285714285,-5,10.204081632653061,2,-4.761904761904762
63,30063,50,46,47,fixed_heuristic,1,-4,8.0,-3,6.0,1,-2.1739130434782608
64,30064,47,44,43,bo_heuristic,1,-3,6.382978723404255,-4,8.51063829787234,-1,2.272727272727273
65,30065,57,50,50,"fixed_heuristic,bo_heuristic",2,-7,12.280701754385964,-7,12.280701754385964,0,0.0
66,30066,55,49,51,fixed_heuristic,1,-6,10.909090909090908,-4,7.2727272727272725,2,-4.081632653061225
67,30067,57,54,54,"fixed_heuristic,bo_heuristic",2,-3,5.263157894736842,-3,5.263157894736842,0,0.0
68,30068,55,45,46,fixed_heuristic,1,-10,18.181818181818183,-9,16.363636363636363,1,-2.2222222222222223
69,30069,53,48,48,"fixed_heuristic,bo_heuristic",2,-5,9.433962264150944,-5,9.433962264150944,0,0.0
70,30070,49,48,45,bo_heuristic,1,-1,2.0408163265306123,-4,8.16326530612245,-3,6.25
71,30071,50,43,43,"fixed_heuristic,bo_heuristic",2,-7,14.000000000000002,-7,14.000000000000002,0,0.0
72,30072,58,50,50,"fixed_heuristic,bo_heuristic",2,-8,13.793103448275861,-8,13.793103448275861,0,0.0
73,30073,58,54,53,bo_heuristic,1,-4,6.896551724137931,-5,8.620689655172415,-1,1.8518518518518516
74,30074,51,45,50,fixed_heuristic,1,-6,11.76470588235294,-1,1.9607843137254901,5,-11.11111111111111
75,30075,42,38,40,fixed_heuristic,1,-4,9.523809523809524,-2,4.761904761904762,2,-5.263157894736842
76,30076,51,49,46,bo_heuristic,1,-2,3.9215686274509802,-5,9.803921568627452,-3,6.122448979591836
77,30077,49,43,40,bo_heuristic,1,-6,12.244897959183673,-9,18.367346938775512,-3,6.976744186046512
78,30078,63,55,55,"fixed_heuristic,bo_heuristic",2,-8,12.698412698412698,-8,12.698412698412698,0,0.0
79,30079,60,52,52,"fixed_heuristic,bo_heuristic",2,-8,13.333333333333334,-8,13.333333333333334,0,0.0
80,30080,51,51,51,"fcfs,fixed_heuristic,bo_heuristic",3,0,0.0,0,0.0,0,0.0
81,30081,56,53,53,"fixed_heuristic,bo_heuristic",2,-3,5.357142857142857,-3,5.357142857142857,0,0.0
82,30082,51,46,50,fixed_heuristic,1,-5,9.803921568627452,-1,1.9607843137254901,4,-8.695652173913043
83,30083,50,46,45,bo_heuristic,1,-4,8.0,-5,10.0,-1,2.1739130434782608
84,30084,50,48,46,bo_heuristic,1,-2,4.0,-4,8.0,-2,4.166666666666666
85,30085,58,60,52,bo_heuristic,1,2,-3.4482758620689653,-6,10.344827586206897,-8,13.333333333333334
86,30086,56,50,46,bo_heuristic,1,-6,10.714285714285714,-10,17.857142857142858,-4,8.0
87,30087,53,47,48,fixed_heuristic,1,-6,11.320754716981133,-5,9.433962264150944,1,-2.127659574468085
88,30088,47,45,45,"fixed_heuristic,bo_heuristic",2,-2,4.25531914893617,-2,4.25531914893617,0,0.0
89,30089,64,60,56,bo_heuristic,1,-4,6.25,-8,12.5,-4,6.666666666666667
90,30090,44,43,40,bo_heuristic,1,-1,2.272727272727273,-4,9.090909090909092,-3,6.976744186046512
91,30091,56,53,55,fixed_heuristic,1,-3,5.357142857142857,-1,1.7857142857142856,2,-3.7735849056603774
92,30092,53,48,49,fixed_heuristic,1,-5,9.433962264150944,-4,7.547169811320755,1,-2.083333333333333
93,30093,56,49,49,"fixed_heuristic,bo_heuristic",2,-7,12.5,-7,12.5,0,0.0
94,30094,55,52,49,bo_heuristic,1,-3,5.454545454545454,-6,10.909090909090908,-3,5.769230769230769
95,30095,50,46,47,fixed_heuristic,1,-4,8.0,-3,6.0,1,-2.1739130434782608
96,30096,62,57,57,"fixed_heuristic,bo_heuristic",2,-5,8.064516129032258,-5,8.064516129032258,0,0.0
97,30097,50,45,43,bo_heuristic,1,-5,10.0,-7,14.000000000000002,-2,4.444444444444445
98,30098,57,56,55,bo_heuristic,1,-1,1.7543859649122806,-2,3.508771929824561,-1,1.7857142857142856
99,30099,49,45,45,"fixed_heuristic,bo_heuristic",2,-4,8.16326530612245,-4,8.16326530612245,0,0.0
