seed,policy_type,num_robots,num_aisles,capacity,arrival_rate,Favg,Fmax,Throughput,BlockingTime,AvgQueueLength,DeadlockCount,TriggerCount,RerouteCount,CollisionAttempts,ForcedRelocationCount,RobotUtilization,AverageTravelDistance,Zone0AvgQueueLength,Zone1AvgQueueLength,Zone2AvgQueueLength,Zone3AvgQueueLength,Zone4AvgQueueLength
0,rule_based,3,6,small,low,38.1764705882353,150.0,34.0,268.0,1.128,0.0,0.0,29.0,139,0,0.82,320.6666666666667,0.164,0.54,0.424,,
0,fsd,3,6,small,low,27.974358974358974,47.0,39.0,9.0,0.096,0.0,4.0,0.0,5,0,0.7473333333333333,370.6666666666667,0.028,0.02,0.048,,
0,rule_based,3,6,small,medium,52.075,256.0,40.0,251.0,8.476,4.0,0.0,30.0,133,4,0.9713333333333334,391.3333333333333,2.86,1.398,4.218,,
0,fsd,3,6,small,medium,87.04545454545455,198.0,44.0,20.0,7.994,0.0,10.0,0.0,10,0,0.974,480.3333333333333,3.164,1.766,3.064,,
0,rule_based,3,6,small,high,49.056603773584904,292.0,53.0,260.0,22.412,0.0,0.0,38.0,131,0,0.9826666666666667,404.6666666666667,1.584,9.782,11.046,,
0,fsd,3,6,small,high,118.11764705882354,312.0,51.0,26.0,21.708,0.0,12.0,0.0,16,0,0.99,486.3333333333333,2.232,11.342,8.134,,
0,rule_based,3,6,large,low,52.60606060606061,258.0,33.0,172.0,2.542,2.0,0.0,20.0,90,2,0.974,426.0,0.9,0.574,1.068,,
0,fsd,3,6,large,low,72.19444444444444,162.0,36.0,11.0,2.846,0.0,5.0,0.0,8,0,0.976,484.3333333333333,0.824,0.76,1.262,,
0,rule_based,3,6,large,medium,45.7037037037037,197.0,27.0,281.0,13.954,0.0,0.0,46.0,141,0,0.982,397.3333333333333,5.688,1.968,6.298,,
0,fsd,3,6,large,medium,112.75757575757575,223.0,33.0,16.0,11.994,0.0,8.0,0.0,10,0,0.984,486.6666666666667,4.18,2.108,5.706,,
0,rule_based,3,6,large,high,35.666666666666664,68.0,15.0,417.0,35.4,0.0,0.0,67.0,266,0,0.99,356.0,3.102,17.952,14.346,,
0,fsd,3,6,large,high,167.38888888888889,334.0,36.0,57.0,30.222,0.0,26.0,0.0,34,0,0.99,476.0,2.976,15.408,11.838,,
0,rule_based,3,12,small,low,41.578947368421055,102.0,38.0,23.0,0.646,0.0,0.0,2.0,13,0,0.9073333333333333,446.0,0.254,0.11,0.282,,
0,fsd,3,12,small,low,57.67567567567568,108.0,37.0,46.0,1.846,0.0,20.0,0.0,29,0,0.938,453.6666666666667,0.628,0.426,0.792,,
0,rule_based,3,12,small,medium,56.0625,178.0,48.0,25.0,7.368,0.0,0.0,4.0,13,0,0.9833333333333333,483.3333333333333,3.708,2.396,1.264,,
0,fsd,3,12,small,medium,114.64864864864865,220.0,37.0,22.0,11.198,0.0,9.0,0.0,14,0,0.9833333333333333,484.3333333333333,4.168,3.04,3.99,,
0,rule_based,3,12,small,high,41.68421052631579,154.0,57.0,133.0,19.462,1.0,0.0,18.0,69,1,0.99,450.6666666666667,1.61,14.666,3.186,,
0,fsd,3,12,small,high,180.89473684210526,333.0,38.0,142.0,30.658,0.0,70.0,0.0,74,0,0.99,447.6666666666667,4.098,22.766,3.794,,
0,rule_based,3,12,large,low,59.810810810810814,270.0,37.0,48.0,2.2,0.0,0.0,7.0,25,0,0.9526666666666667,460.3333333333333,0.71,0.442,1.048,,
0,fsd,3,12,large,low,62.94444444444444,118.0,36.0,14.0,2.206,0.0,6.0,0.0,8,0,0.9593333333333334,475.0,0.786,0.53,0.89,,
0,rule_based,3,12,large,medium,59.21621621621622,178.0,37.0,33.0,10.23,0.0,0.0,5.0,18,0,0.984,481.0,5.466,1.06,3.704,,
0,fsd,3,12,large,medium,142.03333333333333,291.0,30.0,17.0,14.49,0.0,8.0,0.0,11,0,0.984,486.3333333333333,4.984,2.658,6.848,,
0,rule_based,3,12,large,high,47.883720930232556,161.0,43.0,168.0,26.448,0.0,0.0,22.0,88,0,0.99,439.0,2.44,21.122,2.886,,
0,fsd,3,12,large,high,180.41176470588235,325.0,34.0,13.0,31.738,0.0,5.0,0.0,8,0,0.99,490.6666666666667,3.216,23.948,4.574,,
0,rule_based,4,6,small,low,27.923076923076923,94.0,39.0,116.0,0.0,2.0,0.0,17.0,54,2,0.5745,258.25,0.0,0.0,0.0,0.0,
0,fsd,4,6,small,low,24.692307692307693,44.0,39.0,22.0,0.0,0.0,12.0,0.0,11,0,0.5205,254.75,0.0,0.0,0.0,0.0,
0,rule_based,4,6,small,medium,52.795918367346935,218.0,49.0,310.0,5.344,1.0,0.0,39.0,157,1,0.9375,390.0,1.828,0.666,1.826,1.024,
0,fsd,4,6,small,medium,72.30188679245283,137.0,53.0,112.0,5.11,0.0,51.0,0.0,70,0,0.951,447.5,2.022,0.468,1.952,0.668,
0,rule_based,4,6,small,high,38.93333333333333,100.0,60.0,445.0,16.008,0.0,0.0,60.0,228,0,0.9635,370.5,1.326,3.336,10.918,0.428,
0,fsd,4,6,small,high,102.984375,268.0,64.0,73.0,16.05,0.0,31.0,0.0,42,0,0.973,468.25,1.542,5.35,8.636,0.522,
0,rule_based,4,6,large,low,69.57142857142857,336.0,35.0,324.0,2.5,0.0,0.0,47.0,174,0,0.9565,397.25,0.662,0.398,1.074,0.366,
0,fsd,4,6,large,low,57.44736842105263,147.0,38.0,105.0,0.878,0.0,51.0,0.0,61,0,0.941,444.25,0.246,0.172,0.384,0.076,
0,rule_based,4,6,large,medium,48.63333333333333,123.0,30.0,404.0,10.042,0.0,0.0,61.0,253,0,0.969,383.5,3.24,0.862,3.512,2.428,
0,fsd,4,6,large,medium,91.78048780487805,192.0,41.0,70.0,7.714,0.0,31.0,0.0,40,0,0.969,467.0,2.948,0.39,2.198,2.178,
0,rule_based,4,6,large,high,55.357142857142854,215.0,28.0,598.0,29.784,0.0,0.0,84.0,296,0,0.984,342.5,2.708,8.44,16.66,1.976,
0,fsd,4,6,large,high,156.24489795918367,333.0,49.0,68.0,25.176,0.0,32.0,0.0,39,0,0.984,475.0,2.278,7.268,14.772,0.858,
0,rule_based,4,12,small,low,31.15,67.0,40.0,56.0,0.014,1.0,0.0,7.0,25,1,0.6335,302.75,0.0,0.014,0.0,0.0,
0,fsd,4,12,small,low,31.923076923076923,64.0,39.0,23.0,0.014,0.0,12.0,0.0,13,0,0.6535,321.0,0.0,0.014,0.0,0.0,
0,rule_based,4,12,small,medium,55.36842105263158,230.0,38.0,680.0,10.144,0.0,0.0,68.0,340,0,0.966,313.0,3.312,2.74,3.576,0.516,
0,fsd,4,12,small,medium,86.04166666666667,171.0,48.0,67.0,6.294,0.0,31.0,0.0,43,0,0.9655,466.0,2.088,0.978,1.958,1.27,
0,rule_based,4,12,small,high,50.06349206349206,192.0,63.0,197.0,13.984,1.0,0.0,24.0,108,1,0.971,436.25,0.926,4.31,8.392,0.356,
0,fsd,4,12,small,high,114.27118644067797,261.0,59.0,70.0,18.264,0.0,31.0,0.0,43,0,0.9775,471.25,1.542,6.798,9.092,0.832,
0,rule_based,4,12,large,low,54.62162162162162,218.0,37.0,147.0,1.092,0.0,0.0,23.0,73,0,0.8835,405.0,0.386,0.16,0.308,0.238,
0,fsd,4,12,large,low,46.3421052631579,72.0,38.0,42.0,0.192,0.0,18.0,0.0,27,0,0.8845,431.75,0.018,0.05,0.052,0.072,
0,rule_based,4,12,large,medium,65.6774193548387,255.0,31.0,332.0,12.104,0.0,0.0,52.0,169,0,0.976,405.0,4.72,1.44,1.782,4.162,
0,fsd,4,12,large,medium,133.47222222222223,247.0,36.0,85.0,11.714,0.0,39.0,0.0,49,0,0.976,466.75,3.416,1.84,1.902,4.556,
0,rule_based,4,12,large,high,60.78048780487805,280.0,41.0,332.0,23.434,0.0,0.0,49.0,170,0,0.985,409.5,1.69,7.34,12.408,1.996,
0,fsd,4,12,large,high,171.17073170731706,329.0,41.0,71.0,28.176,0.0,33.0,0.0,43,0,0.985,474.75,1.882,9.378,14.088,2.828,
0,rule_based,5,6,small,low,27.9,99.0,40.0,148.0,0.0,3.0,0.0,22.0,60,3,0.4624,201.6,0.0,0.0,0.0,0.0,0.0
0,fsd,5,6,small,low,23.35,44.0,40.0,17.0,0.0,0.0,10.0,0.0,7,0,0.4004,196.8,0.0,0.0,0.0,0.0,0.0
0,rule_based,5,6,small,medium,46.56140350877193,160.0,57.0,371.0,1.368,1.0,0.0,47.0,195,1,0.9128,380.2,0.2,0.39,0.198,0.27,0.31
0,fsd,5,6,small,medium,38.6,78.0,55.0,160.0,0.444,0.0,63.0,2.0,98,0,0.8792,407.6,0.182,0.116,0.062,0.048,0.036
0,rule_based,5,6,small,high,47.89230769230769,224.0,65.0,620.0,16.548,0.0,0.0,82.0,321,0,0.9436,347.8,1.262,2.53,3.86,7.306,1.59
0,fsd,5,6,small,high,93.42424242424242,258.0,66.0,220.0,13.878,0.0,96.0,2.0,140,0,0.9468,429.4,1.204,4.554,2.61,5.074,0.436
0,rule_based,5,6,large,low,53.24324324324324,147.0,37.0,378.0,0.282,2.0,0.0,52.0,168,2,0.8196,334.2,0.094,0.028,0.004,0.034,0.122
0,fsd,5,6,large,low,47.921052631578945,91.0,38.0,105.0,0.03,0.0,53.0,0.0,56,0,0.7908,374.4,0.002,0.006,0.0,0.014,0.008
0,rule_based,5,6,large,medium,82.38235294117646,357.0,34.0,559.0,9.804,0.0,0.0,81.0,323,0,0.9532,364.8,4.666,0.662,0.604,1.48,2.392
0,fsd,5,6,large,medium,73.59183673469387,166.0,49.0,98.0,4.424,0.0,40.0,3.0,59,0,0.9576,459.2,1.76,0.142,0.236,0.756,1.53
0,rule_based,5,6,large,high,64.38775510204081,284.0,49.0,594.0,22.326,2.0,0.0,82.0,307,2,0.9768,369.6,2.53,7.532,5.1,5.97,1.194
0,fsd,5,6,large,high,137.35849056603774,309.0,53.0,173.0,21.394,0.0,81.0,0.0,106,0,0.9772,454.0,2.076,6.436,4.764,7.402,0.716
0,rule_based,5,12,small,low,28.575,67.0,40.0,71.0,0.0,1.0,0.0,9.0,28,1,0.4684,220.0,0.0,0.0,0.0,0.0,0.0
0,fsd,5,12,small,low,27.487179487179485,57.0,39.0,17.0,0.0,0.0,7.0,0.0,10,0,0.46,226.6,0.0,0.0,0.0,0.0,0.0
0,rule_based,5,12,small,medium,44.64,160.0,50.0,654.0,4.598,0.0,0.0,67.0,319,0,0.9508,344.6,0.574,1.084,1.948,0.554,0.438
0,fsd,5,12,small,medium,55.69642857142857,113.0,56.0,135.0,1.952,0.0,62.0,0.0,84,0,0.952,449.0,0.864,0.176,0.316,0.288,0.308
0,rule_based,5,12,small,high,49.76056338028169,275.0,71.0,376.0,10.89,1.0,0.0,47.0,212,1,0.9572,400.4,1.256,1.104,7.36,0.912,0.258
0,fsd,5,12,small,high,105.5925925925926,266.0,54.0,355.0,18.124,0.0,173.0,0.0,188,0,0.97,414.0,1.354,1.562,13.402,1.004,0.802
0,rule_based,5,12,large,low,38.8421052631579,95.0,38.0,74.0,0.0,2.0,0.0,10.0,18,2,0.632,301.2,0.0,0.0,0.0,0.0,0.0
0,fsd,5,12,large,low,36.205128205128204,70.0,39.0,10.0,0.002,0.0,6.0,0.0,5,0,0.6036,299.8,0.002,0.0,0.0,0.0,0.0
0,rule_based,5,12,large,medium,63.16326530612245,202.0,49.0,70.0,3.512,0.0,0.0,9.0,36,0,0.9612,466.6,1.22,0.816,0.086,0.554,0.836
0,fsd,5,12,large,medium,83.29787234042553,204.0,47.0,50.0,5.262,0.0,22.0,0.0,31,0,0.968,474.0,1.76,0.47,0.57,0.95,1.512
0,rule_based,5,12,large,high,66.44,344.0,50.0,836.0,24.224,0.0,0.0,90.0,424,0,0.98,322.8,2.898,0.514,18.122,2.258,0.432
0,fsd,5,12,large,high,139.9318181818182,308.0,44.0,252.0,23.644,0.0,121.0,0.0,140,0,0.98,439.6,1.52,0.942,18.194,2.076,0.912
1,rule_based,3,6,small,low,31.325,69.0,40.0,75.0,0.218,1.0,0.0,8.0,36,1,0.7813333333333333,362.3333333333333,0.072,0.112,0.034,,
1,fsd,3,6,small,low,35.861111111111114,89.0,36.0,90.0,0.576,0.0,45.0,0.0,52,0,0.8426666666666667,391.3333333333333,0.166,0.092,0.318,,
1,rule_based,3,6,small,medium,53.75,276.0,48.0,133.0,6.36,1.0,0.0,18.0,68,1,0.984,447.6666666666667,2.598,1.474,2.288,,
1,fsd,3,6,small,medium,78.75510204081633,176.0,49.0,27.0,6.702,0.0,12.0,0.0,17,0,0.984,483.0,1.724,2.61,2.368,,
1,rule_based,3,6,small,high,42.74603174603175,300.0,63.0,221.0,18.284,0.0,0.0,27.0,118,0,0.984,418.3333333333333,2.022,11.042,5.22,,
1,fsd,3,6,small,high,117.62,321.0,50.0,101.0,21.82,0.0,50.0,0.0,58,0,0.984,458.3333333333333,2.21,12.756,6.854,,
1,rule_based,3,6,large,low,48.75,104.0,16.0,318.0,7.018,0.0,0.0,52.0,115,0,0.9753333333333334,381.6666666666667,3.308,1.962,1.748,,
1,fsd,3,6,large,low,74.45454545454545,189.0,33.0,34.0,3.33,0.0,18.0,0.0,20,0,0.976,476.6666666666667,1.73,0.97,0.63,,
1,rule_based,3,6,large,medium,79.17241379310344,227.0,29.0,258.0,15.208,0.0,0.0,37.0,136,0,0.984,406.0,6.532,3.482,5.194,,
1,fsd,3,6,large,medium,147.4814814814815,283.0,27.0,89.0,15.812,0.0,43.0,0.0,48,0,0.984,462.3333333333333,5.538,3.844,6.43,,
1,rule_based,3,6,large,high,59.31578947368421,201.0,38.0,289.0,28.888,1.0,0.0,44.0,145,1,0.99,398.6666666666667,3.154,15.62,10.114,,
1,fsd,3,6,large,high,172.0,377.0,35.0,15.0,30.83,0.0,7.0,0.0,8,0,0.99,490.0,3.272,15.792,11.766,,
1,rule_based,3,12,small,low,38.28947368421053,78.0,38.0,45.0,0.402,0.0,0.0,6.0,23,0,0.9053333333333333,436.0,0.11,0.184,0.108,,
1,fsd,3,12,small,low,42.717948717948715,96.0,39.0,35.0,0.742,0.0,17.0,0.0,21,0,0.9433333333333334,460.0,0.41,0.178,0.154,,
1,rule_based,3,12,small,medium,53.52,293.0,50.0,25.0,5.924,0.0,0.0,3.0,14,0,0.9746666666666667,479.0,1.188,1.942,2.794,,
1,fsd,3,12,small,medium,105.92857142857143,193.0,42.0,21.0,9.662,0.0,9.0,0.0,13,0,0.9746666666666667,480.3333333333333,2.532,3.644,3.486,,
1,rule_based,3,12,small,high,46.111111111111114,251.0,63.0,124.0,16.682,0.0,0.0,15.0,65,0,0.986,451.6666666666667,1.082,11.578,4.022,,
1,fsd,3,12,small,high,134.86,278.0,50.0,27.0,23.366,0.0,10.0,0.0,18,0,0.99,486.0,2.442,16.98,3.944,,
1,rule_based,3,12,large,low,55.774193548387096,117.0,31.0,113.0,2.794,0.0,0.0,17.0,57,0,0.976,450.3333333333333,1.224,0.65,0.92,,
1,fsd,3,12,large,low,67.97222222222223,140.0,36.0,0.0,2.518,0.0,0.0,0.0,0,0,0.976,488.0,1.21,0.748,0.56,,
1,rule_based,3,12,large,medium,61.05882352941177,234.0,34.0,161.0,11.224,0.0,0.0,24.0,82,0,0.984,438.3333333333333,4.734,2.808,3.682,,
1,fsd,3,12,large,medium,153.76666666666668,290.0,30.0,24.0,15.162,0.0,11.0,0.0,14,0,0.984,484.0,4.948,4.026,6.188,,
1,rule_based,3,12,large,high,48.67567567567568,211.0,37.0,258.0,27.692,0.0,0.0,39.0,131,0,0.99,409.0,3.4,18.876,5.416,,
1,fsd,3,12,large,high,193.2972972972973,320.0,37.0,6.0,31.764,0.0,3.0,0.0,4,0,0.99,493.0,3.91,21.284,6.57,,
1,rule_based,4,6,small,low,27.025,103.0,40.0,108.0,0.008,1.0,0.0,14.0,31,1,0.5525,249.25,0.0,0.008,0.0,0.0,
1,fsd,4,6,small,low,27.36842105263158,64.0,38.0,46.0,0.034,0.0,24.0,0.0,26,0,0.595,286.0,0.008,0.018,0.0,0.008,
1,rule_based,4,6,small,medium,43.642857142857146,92.0,28.0,783.0,8.474,12.0,0.0,46.0,444,12,0.9665,287.5,2.252,0.924,3.15,2.148,
1,fsd,4,6,small,medium,43.07142857142857,81.0,56.0,84.0,1.446,0.0,39.0,0.0,54,0,0.967,462.5,0.334,0.252,0.654,0.206,
1,rule_based,4,6,small,high,41.52857142857143,283.0,70.0,321.0,12.452,0.0,0.0,39.0,168,0,0.9755,407.5,1.492,3.206,7.416,0.338,
1,fsd,4,6,small,high,90.84615384615384,210.0,65.0,101.0,14.586,0.0,45.0,0.0,63,0,0.9835,466.5,0.992,4.256,9.012,0.326,
1,rule_based,4,6,large,low,44.108108108108105,109.0,37.0,161.0,0.218,2.0,0.0,19.0,74,2,0.8715,395.5,0.11,0.016,0.09,0.002,
1,fsd,4,6,large,low,57.7027027027027,156.0,37.0,62.0,1.002,0.0,30.0,0.0,38,0,0.927,448.0,0.572,0.068,0.258,0.104,
1,rule_based,4,6,large,medium,71.3157894736842,290.0,38.0,299.0,10.5,0.0,0.0,42.0,144,0,0.976,413.25,5.42,1.696,2.136,1.248,
1,fsd,4,6,large,medium,147.0,258.0,38.0,112.0,12.348,0.0,53.0,0.0,64,0,0.976,460.0,4.34,1.074,5.738,1.196,
1,rule_based,4,6,large,high,61.513513513513516,279.0,37.0,512.0,26.242,1.0,0.0,71.0,259,1,0.985,362.0,3.16,8.746,12.51,1.826,
1,fsd,4,6,large,high,152.06382978723406,291.0,47.0,63.0,24.794,0.0,29.0,0.0,38,0,0.985,476.75,2.608,6.608,13.946,1.632,
1,rule_based,4,12,small,low,28.05263157894737,64.0,38.0,50.0,0.0,1.0,0.0,6.0,22,1,0.585,280.0,0.0,0.0,0.0,0.0,
1,fsd,4,12,small,low,30.710526315789473,71.0,38.0,46.0,0.018,0.0,22.0,0.0,28,0,0.641,309.0,0.0,0.008,0.01,0.0,
1,rule_based,4,12,small,medium,66.98039215686275,425.0,51.0,224.0,5.69,0.0,0.0,34.0,116,0,0.9615,423.5,1.304,0.48,1.008,2.898,
1,fsd,4,12,small,medium,73.92727272727272,134.0,55.0,57.0,5.006,0.0,25.0,0.0,36,0,0.9615,466.5,1.172,0.814,1.666,1.354,
1,rule_based,4,12,small,high,55.175438596491226,231.0,57.0,663.0,19.972,2.0,0.0,73.0,339,2,0.9795,324.0,2.032,5.518,9.994,2.428,
1,fsd,4,12,small,high,124.70175438596492,249.0,57.0,130.0,19.892,0.0,58.0,0.0,77,0,0.9835,459.25,1.368,6.156,10.406,1.962,
1,rule_based,4,12,large,low,41.58974358974359,115.0,39.0,12.0,0.192,0.0,0.0,1.0,7,0,0.793,393.5,0.056,0.024,0.098,0.014,
1,fsd,4,12,large,low,49.729729729729726,100.0,37.0,52.0,0.406,0.0,24.0,0.0,31,0,0.8985,436.25,0.192,0.04,0.13,0.044,
1,rule_based,4,12,large,medium,68.88888888888889,297.0,45.0,106.0,8.088,0.0,0.0,15.0,55,0,0.976,461.5,2.598,1.84,2.41,1.24,
1,fsd,4,12,large,medium,124.575,236.0,40.0,26.0,10.566,0.0,11.0,0.0,16,0,0.976,481.5,2.822,1.908,2.85,2.986,
1,rule_based,4,12,large,high,56.2,199.0,45.0,414.0,23.338,0.0,0.0,56.0,222,0,0.985,389.0,0.786,8.882,10.654,3.016,
1,fsd,4,12,large,high,151.4047619047619,315.0,42.0,90.0,26.048,0.0,42.0,0.0,50,0,0.985,470.0,1.862,7.874,12.596,3.716,
1,rule_based,5,6,small,low,27.615384615384617,103.0,39.0,162.0,0.0,6.0,0.0,19.0,36,6,0.4836,209.4,0.0,0.0,0.0,0.0,0.0
1,fsd,5,6,small,low,26.575,65.0,40.0,41.0,0.0,0.0,19.0,1.0,18,0,0.458,220.8,0.0,0.0,0.0,0.0,0.0
1,rule_based,5,6,small,medium,41.4,148.0,55.0,354.0,0.748,1.0,0.0,52.0,173,1,0.902,380.2,0.14,0.08,0.032,0.198,0.298
1,fsd,5,6,small,medium,37.666666666666664,65.0,57.0,150.0,0.25,0.0,67.0,0.0,89,0,0.8964,418.2,0.062,0.044,0.076,0.018,0.05
1,rule_based,5,6,small,high,34.13636363636363,128.0,44.0,988.0,14.872,7.0,0.0,62.0,576,7,0.9584,273.6,1.944,5.328,3.456,3.966,0.178
1,fsd,5,6,small,high,83.61764705882354,209.0,68.0,218.0,12.142,0.0,97.0,1.0,129,0,0.962,437.4,0.766,3.678,4.01,3.492,0.196
1,rule_based,5,6,large,low,55.888888888888886,269.0,36.0,357.0,0.75,1.0,0.0,44.0,176,1,0.8372,345.2,0.556,0.028,0.076,0.088,0.002
1,fsd,5,6,large,low,50.18421052631579,110.0,38.0,79.0,0.044,0.0,40.0,0.0,44,0,0.8124,390.4,0.032,0.0,0.01,0.002,0.0
1,rule_based,5,6,large,medium,69.76,293.0,50.0,289.0,6.228,5.0,0.0,32.0,153,5,0.9672,417.4,2.584,1.492,0.984,0.8,0.368
1,fsd,5,6,large,medium,96.04347826086956,188.0,46.0,122.0,6.532,0.0,56.0,0.0,72,0,0.968,459.6,2.572,0.434,1.162,1.892,0.472
1,rule_based,5,6,large,high,54.05263157894737,158.0,38.0,656.0,21.748,1.0,0.0,91.0,364,1,0.98,356.8,1.88,7.976,5.246,4.636,2.01
1,fsd,5,6,large,high,160.36111111111111,361.0,36.0,493.0,28.776,0.0,245.0,0.0,249,0,0.98,391.4,2.72,6.652,6.93,10.658,1.816
1,rule_based,5,12,small,low,25.875,73.0,40.0,60.0,0.0,2.0,0.0,6.0,13,2,0.4348,205.4,0.0,0.0,0.0,0.0,0.0
1,fsd,5,12,small,low,27.675675675675677,64.0,37.0,28.0,0.0,0.0,15.0,0.0,14,0,0.4904,239.6,0.0,0.0,0.0,0.0,0.0
1,rule_based,5,12,small,medium,34.5,81.0,58.0,99.0,0.1,0.0,0.0,12.0,45,0,0.8268,393.6,0.006,0.006,0.066,0.008,0.014
1,fsd,5,12,small,medium,44.55357142857143,112.0,56.0,92.0,1.042,0.0,42.0,0.0,57,0,0.868,415.6,0.232,0.094,0.324,0.238,0.154
1,rule_based,5,12,small,high,49.36486486486486,226.0,74.0,429.0,11.338,0.0,0.0,59.0,219,0,0.9656,397.0,0.2,0.43,7.656,2.23,0.822
1,fsd,5,12,small,high,94.44117647058823,192.0,68.0,175.0,13.45,0.0,79.0,0.0,112,0,0.9748,452.4,0.718,0.658,10.252,1.392,0.43
1,rule_based,5,12,large,low,41.05263157894737,137.0,38.0,112.0,0.076,0.0,0.0,15.0,50,0,0.6504,302.8,0.016,0.026,0.028,0.006,0.0
1,fsd,5,12,large,low,39.3421052631579,89.0,38.0,44.0,0.012,0.0,23.0,0.0,25,0,0.6644,323.4,0.004,0.006,0.002,0.0,0.0
1,rule_based,5,12,large,medium,80.125,297.0,48.0,195.0,6.204,0.0,0.0,30.0,99,0,0.968,445.0,1.714,1.674,1.352,1.144,0.32
1,fsd,5,12,large,medium,84.7843137254902,173.0,51.0,42.0,5.184,0.0,21.0,0.0,22,0,0.968,475.6,1.49,0.664,1.006,1.636,0.388
1,rule_based,5,12,large,high,56.19047619047619,294.0,42.0,821.0,23.01,0.0,0.0,130.0,422,0,0.98,325.8,0.726,2.028,16.152,2.412,1.692
1,fsd,5,12,large,high,130.1818181818182,265.0,55.0,86.0,20.06,0.0,41.0,0.0,56,0,0.98,472.8,1.242,1.108,13.808,2.556,1.346
2,rule_based,3,6,small,low,29.23076923076923,53.0,39.0,105.0,0.072,0.0,0.0,13.0,52,0,0.776,353.0,0.0,0.062,0.01,,
2,fsd,3,6,small,low,31.102564102564102,54.0,39.0,46.0,0.176,0.0,24.0,0.0,23,0,0.826,397.6666666666667,0.048,0.076,0.052,,
2,rule_based,3,6,small,medium,45.8235294117647,188.0,51.0,94.0,4.574,0.0,0.0,12.0,50,0,0.9826666666666667,460.0,2.174,1.702,0.698,,
2,fsd,3,6,small,medium,73.64,155.0,50.0,40.0,5.816,0.0,15.0,0.0,28,0,0.9826666666666667,478.0,1.22,1.992,2.604,,
2,rule_based,3,6,small,high,37.62,145.0,50.0,672.0,20.802,0.0,0.0,110.0,337,0,0.99,271.0,3.262,9.392,8.148,,
2,fsd,3,6,small,high,121.05357142857143,272.0,56.0,45.0,20.868,0.0,20.0,0.0,28,0,0.99,480.0,3.34,9.478,8.05,,
2,rule_based,3,6,large,low,56.25806451612903,184.0,31.0,164.0,2.582,0.0,0.0,24.0,84,0,0.9686666666666667,429.6666666666667,1.002,0.78,0.8,,
2,fsd,3,6,large,low,103.8125,196.0,32.0,71.0,5.228,0.0,18.0,2.0,38,0,0.9733333333333334,463.0,1.382,2.018,1.828,,
2,rule_based,3,6,large,medium,67.76923076923077,271.0,26.0,460.0,14.884,0.0,0.0,49.0,238,0,0.984,338.6666666666667,3.94,6.172,4.772,,
2,fsd,3,6,large,medium,134.3548387096774,268.0,31.0,23.0,13.938,0.0,10.0,0.0,14,0,0.984,484.3333333333333,3.06,4.36,6.518,,
2,rule_based,3,6,large,high,43.979166666666664,188.0,48.0,120.0,23.482,0.0,0.0,17.0,62,0,0.99,455.0,1.76,10.854,10.868,,
2,fsd,3,6,large,high,159.64705882352942,343.0,34.0,68.0,30.356,0.0,32.0,0.0,42,0,0.99,472.3333333333333,4.382,12.832,13.142,,
2,rule_based,3,12,small,low,42.256410256410255,130.0,39.0,101.0,0.718,1.0,0.0,12.0,52,1,0.9073333333333333,419.6666666666667,0.308,0.236,0.174,,
2,fsd,3,12,small,low,185.6,369.0,25.0,337.0,10.11,0.0,168.0,0.0,172,0,0.95,362.6666666666667,2.834,4.446,2.83,,
2,rule_based,3,12,small,medium,50.18867924528302,167.0,53.0,93.0,4.58,2.0,0.0,10.0,48,2,0.972,448.3333333333333,1.7,1.648,1.232,,
2,fsd,3,12,small,medium,81.3125,242.0,32.0,254.0,10.536,0.0,127.0,0.0,128,0,0.972,401.3333333333333,1.924,3.53,5.082,,
2,rule_based,3,12,small,high,52.40298507462686,290.0,67.0,148.0,15.52,0.0,0.0,20.0,73,0,0.984,442.6666666666667,2.52,9.566,3.434,,
2,fsd,3,12,small,high,113.36842105263158,243.0,57.0,43.0,19.512,0.0,21.0,0.0,26,0,0.984,477.6666666666667,3.48,13.248,2.784,,
2,rule_based,3,12,large,low,39.470588235294116,154.0,34.0,48.0,0.954,1.0,0.0,5.0,23,1,0.8833333333333333,422.3333333333333,0.586,0.102,0.266,,
2,fsd,3,12,large,low,67.88571428571429,126.0,35.0,24.0,2.526,0.0,10.0,0.0,15,0,0.9473333333333334,465.6666666666667,0.758,0.886,0.882,,
2,rule_based,3,12,large,medium,79.86111111111111,306.0,36.0,113.0,12.242,0.0,0.0,16.0,58,0,0.9693333333333334,447.0,3.966,3.432,4.844,,
2,fsd,3,12,large,medium,135.67741935483872,287.0,31.0,8.0,13.904,0.0,2.0,0.0,6,0,0.9693333333333334,482.0,3.138,4.39,6.376,,
2,rule_based,3,12,large,high,44.625,147.0,32.0,704.0,30.782,0.0,0.0,70.0,352,0,0.9813333333333333,256.0,3.61,19.41,7.762,,
2,fsd,3,12,large,high,177.85714285714286,332.0,35.0,25.0,31.326,0.0,11.0,0.0,16,0,0.9813333333333333,482.3333333333333,4.6,19.326,7.4,,
2,rule_based,4,6,small,low,28.10810810810811,59.0,37.0,144.0,0.024,0.0,0.0,20.0,68,0,0.6,264.0,0.0,0.016,0.008,0.0,
2,fsd,4,6,small,low,28.333333333333332,54.0,30.0,277.0,0.858,0.0,138.0,0.0,139,0,0.7115,286.5,0.624,0.032,0.202,0.0,
2,rule_based,4,6,small,medium,47.48936170212766,284.0,47.0,727.0,4.648,38.0,0.0,10.0,365,0,0.962,299.0,1.68,0.912,1.278,0.778,
2,fsd,4,6,small,medium,61.24074074074074,139.0,54.0,121.0,3.566,0.0,55.0,0.0,74,0,0.968,453.75,0.508,0.432,1.598,1.028,
2,rule_based,4,6,small,high,43.93333333333333,263.0,75.0,297.0,10.772,0.0,0.0,43.0,149,0,0.9845,418.0,1.68,2.48,6.272,0.34,
2,fsd,4,6,small,high,126.39682539682539,241.0,63.0,212.0,19.278,0.0,96.0,0.0,122,0,0.9845,439.25,2.976,4.028,10.68,1.594,
2,rule_based,4,6,large,low,44.24324324324324,74.0,37.0,164.0,0.218,1.0,0.0,18.0,76,1,0.868,391.75,0.038,0.074,0.082,0.024,
2,fsd,4,6,large,low,51.68421052631579,82.0,38.0,77.0,0.504,0.0,36.0,0.0,45,0,0.9335,447.5,0.142,0.166,0.184,0.012,
2,rule_based,4,6,large,medium,96.0,346.0,29.0,517.0,14.846,1.0,0.0,65.0,264,1,0.967,354.25,4.18,1.06,7.9,1.706,
2,fsd,4,6,large,medium,109.47368421052632,228.0,38.0,62.0,9.9,0.0,30.0,0.0,33,0,0.967,468.0,2.312,0.506,5.812,1.27,
2,rule_based,4,6,large,high,37.88,127.0,25.0,758.0,28.682,13.0,0.0,58.0,379,13,0.983,302.0,3.394,7.44,15.144,2.704,
2,fsd,4,6,large,high,130.2888888888889,348.0,45.0,104.0,24.204,0.0,50.0,0.0,60,0,0.983,465.5,3.508,5.888,12.864,1.944,
2,rule_based,4,12,small,low,27.333333333333332,51.0,39.0,35.0,0.0,0.0,0.0,5.0,19,0,0.569,275.75,0.0,0.0,0.0,0.0,
2,fsd,4,12,small,low,29.463414634146343,53.0,41.0,29.0,0.002,0.0,14.0,0.0,18,0,0.612,298.75,0.0,0.002,0.0,0.0,
2,rule_based,4,12,small,medium,34.01754385964912,66.0,57.0,36.0,0.63,0.0,0.0,5.0,18,0,0.908,445.0,0.144,0.104,0.148,0.234,
2,fsd,4,12,small,medium,43.89090909090909,86.0,55.0,68.0,1.5,0.0,31.0,0.0,42,0,0.96,463.0,0.346,0.17,0.31,0.674,
2,rule_based,4,12,small,high,28.575757575757574,85.0,33.0,948.0,21.524,17.0,0.0,46.0,493,17,0.978,252.0,3.536,4.51,8.908,4.57,
2,fsd,4,12,small,high,126.78571428571429,262.0,56.0,248.0,20.418,0.0,115.0,0.0,139,0,0.978,427.0,2.902,4.53,10.554,2.432,
2,rule_based,4,12,large,low,38.611111111111114,90.0,36.0,65.0,0.282,0.0,0.0,9.0,31,0,0.7385,353.0,0.06,0.148,0.056,0.018,
2,fsd,4,12,large,low,40.47222222222222,82.0,36.0,22.0,0.27,0.0,11.0,0.0,13,0,0.7995,394.25,0.04,0.172,0.034,0.024,
2,rule_based,4,12,large,medium,58.48148148148148,136.0,27.0,390.0,13.662,0.0,0.0,65.0,156,0,0.958,381.5,3.044,1.486,5.306,3.826,
2,fsd,4,12,large,medium,101.6046511627907,206.0,43.0,24.0,8.67,0.0,12.0,0.0,14,0,0.961,474.5,1.52,0.906,4.046,2.198,
2,rule_based,4,12,large,high,34.42857142857143,64.0,7.0,1058.0,40.368,0.0,0.0,176.0,529,0,0.976,223.5,3.87,10.03,21.678,4.79,
2,fsd,4,12,large,high,138.41860465116278,287.0,43.0,56.0,25.01,0.0,28.0,0.0,32,0,0.976,474.0,3.26,6.766,12.1,2.884,
2,rule_based,5,6,small,low,29.789473684210527,57.0,38.0,220.0,0.0,0.0,0.0,25.0,93,0,0.4944,203.2,0.0,0.0,0.0,0.0,0.0
2,fsd,5,6,small,low,29.25,69.0,40.0,56.0,0.004,0.0,31.0,0.0,26,0,0.514,245.8,0.0,0.004,0.0,0.0,0.0
2,rule_based,5,6,small,medium,37.26829268292683,119.0,41.0,955.0,4.776,0.0,0.0,118.0,482,0,0.8976,257.8,1.284,0.854,0.628,0.668,1.342
2,fsd,5,6,small,medium,57.589285714285715,140.0,56.0,355.0,2.244,0.0,149.0,3.0,206,0,0.9524,405.2,0.33,0.41,0.426,0.234,0.844
2,rule_based,5,6,small,high,42.31506849315068,178.0,73.0,684.0,8.362,0.0,0.0,93.0,347,0,0.9652,345.8,2.38,1.15,3.008,1.482,0.342
2,fsd,5,6,small,high,77.33766233766234,180.0,77.0,225.0,10.172,0.0,92.0,0.0,137,0,0.9756,442.8,1.826,1.95,2.584,3.218,0.594
2,rule_based,5,6,large,low,48.22222222222222,100.0,36.0,301.0,0.11,6.0,0.0,33.0,131,6,0.7924,332.0,0.02,0.05,0.006,0.034,0.0
2,fsd,5,6,large,low,44.421052631578945,91.0,38.0,85.0,0.054,0.0,41.0,0.0,44,0,0.7692,367.6,0.004,0.046,0.004,0.0,0.0
2,rule_based,5,6,large,medium,81.72222222222223,337.0,36.0,493.0,9.824,0.0,0.0,70.0,285,0,0.9544,378.6,2.456,0.336,2.886,2.768,1.378
2,fsd,5,6,large,medium,87.84444444444445,229.0,45.0,93.0,5.934,0.0,43.0,0.0,56,0,0.9544,458.6,1.304,0.31,1.57,2.06,0.69
2,rule_based,5,6,large,high,59.96296296296296,288.0,54.0,493.0,21.04,1.0,0.0,67.0,240,1,0.9752,389.0,2.034,5.698,3.718,7.85,1.74
2,fsd,5,6,large,high,138.08333333333334,331.0,36.0,477.0,27.166,0.0,240.0,0.0,240,0,0.9752,392.2,3.688,6.388,4.57,9.818,2.702
2,rule_based,5,12,small,low,25.641025641025642,48.0,39.0,35.0,0.0,0.0,0.0,5.0,19,0,0.4288,207.4,0.0,0.0,0.0,0.0,0.0
2,fsd,5,12,small,low,27.666666666666668,53.0,39.0,32.0,0.0,0.0,14.0,0.0,19,0,0.464,225.6,0.0,0.0,0.0,0.0,0.0
2,rule_based,5,12,small,medium,38.528301886792455,103.0,53.0,389.0,1.154,0.0,0.0,45.0,183,0,0.8324,338.4,0.212,0.102,0.23,0.248,0.362
2,fsd,5,12,small,medium,43.82142857142857,112.0,56.0,150.0,0.888,0.0,66.0,0.0,91,0,0.8856,412.8,0.058,0.154,0.144,0.19,0.342
2,rule_based,5,12,small,high,51.0,344.0,74.0,540.0,9.302,0.0,0.0,66.0,272,0,0.9692,376.6,1.914,0.078,6.134,0.396,0.78
2,fsd,5,12,small,high,78.16666666666667,206.0,72.0,296.0,11.086,0.0,127.0,1.0,181,0,0.972,426.8,1.792,0.264,7.64,0.4,0.99
2,rule_based,5,12,large,low,33.45945945945946,79.0,37.0,37.0,0.014,0.0,0.0,6.0,20,0,0.566,275.6,0.0,0.0,0.0,0.014,0.0
2,fsd,5,12,large,low,39.351351351351354,82.0,37.0,30.0,0.026,0.0,15.0,0.0,17,0,0.6608,324.4,0.008,0.002,0.016,0.0,0.0
2,rule_based,5,12,large,medium,49.642857142857146,110.0,14.0,1315.0,16.028,0.0,0.0,88.0,706,0,0.9364,205.2,2.988,1.944,3.452,5.668,1.976
2,fsd,5,12,large,medium,91.59574468085107,245.0,47.0,76.0,5.982,0.0,37.0,0.0,42,0,0.948,458.8,1.282,0.542,1.43,2.116,0.612
2,rule_based,5,12,large,high,48.23076923076923,178.0,65.0,249.0,15.208,0.0,0.0,35.0,125,0,0.9684,434.4,0.876,1.87,7.422,4.348,0.692
2,fsd,5,12,large,high,128.76923076923077,294.0,52.0,68.0,20.478,0.0,31.0,0.0,39,0,0.9708,471.8,2.94,1.972,11.446,2.43,1.69
3,rule_based,3,6,small,low,38.74285714285714,168.0,35.0,235.0,0.978,2.0,0.0,28.0,116,2,0.8553333333333333,342.6666666666667,0.632,0.126,0.22,,
3,fsd,3,6,small,low,32.26315789473684,67.0,38.0,68.0,0.16,0.0,33.0,0.0,42,0,0.8393333333333334,397.0,0.086,0.05,0.024,,
3,rule_based,3,6,small,medium,110.65789473684211,402.0,38.0,271.0,12.97,0.0,0.0,42.0,137,0,0.984,401.6666666666667,3.612,4.322,5.036,,
3,fsd,3,6,small,medium,108.14634146341463,229.0,41.0,75.0,9.932,0.0,34.0,0.0,46,0,0.984,467.0,2.36,2.726,4.846,,
3,rule_based,3,6,small,high,35.12765957446808,152.0,47.0,533.0,23.552,0.0,0.0,84.0,271,0,0.99,317.3333333333333,2.746,12.526,8.28,,
3,fsd,3,6,small,high,144.28571428571428,328.0,42.0,155.0,26.42,0.0,72.0,0.0,86,0,0.99,443.3333333333333,3.878,13.126,9.416,,
3,rule_based,3,6,large,low,55.07142857142857,104.0,14.0,317.0,8.374,0.0,0.0,49.0,116,0,0.976,382.3333333333333,2.054,2.256,4.064,,
3,fsd,3,6,large,low,99.62068965517241,203.0,29.0,22.0,5.002,0.0,10.0,0.0,13,0,0.976,480.6666666666667,1.626,1.07,2.306,,
3,rule_based,3,6,large,medium,63.361111111111114,205.0,36.0,86.0,13.154,1.0,0.0,9.0,45,1,0.984,460.0,4.318,3.178,5.658,,
3,fsd,3,6,large,medium,159.96666666666667,324.0,30.0,7.0,15.566,0.0,4.0,0.0,5,0,0.984,489.6666666666667,4.872,4.688,6.006,,
3,rule_based,3,6,large,high,66.10526315789474,299.0,38.0,353.0,31.024,0.0,0.0,51.0,176,0,0.99,377.3333333333333,4.364,15.836,10.824,,
3,fsd,3,6,large,high,204.85294117647058,367.0,34.0,44.0,33.47,0.0,19.0,0.0,24,0,0.99,480.3333333333333,4.7,16.2,12.57,,
3,rule_based,3,12,small,low,39.65384615384615,136.0,26.0,566.0,4.608,0.0,0.0,58.0,283,0,0.9006666666666666,261.6666666666667,1.198,1.188,2.222,,
3,fsd,3,12,small,low,49.51282051282051,102.0,39.0,44.0,1.23,0.0,19.0,0.0,30,0,0.9173333333333333,444.0,0.4,0.148,0.682,,
3,rule_based,3,12,small,medium,61.08695652173913,348.0,46.0,41.0,7.956,0.0,0.0,6.0,24,0,0.984,478.3333333333333,1.986,2.78,3.19,,
3,fsd,3,12,small,medium,116.3,225.0,40.0,26.0,10.616,0.0,13.0,0.0,15,0,0.984,483.3333333333333,3.08,2.814,4.722,,
3,rule_based,3,12,small,high,51.09230769230769,286.0,65.0,74.0,18.042,0.0,0.0,10.0,40,0,0.99,470.3333333333333,2.822,13.308,1.912,,
3,fsd,3,12,small,high,178.2173913043478,291.0,46.0,65.0,28.516,0.0,27.0,0.0,39,0,0.99,473.3333333333333,4.374,20.764,3.378,,
3,rule_based,3,12,large,low,58.083333333333336,119.0,24.0,179.0,6.148,0.0,0.0,29.0,90,0,0.976,428.3333333333333,2.374,2.002,1.772,,
3,fsd,3,12,large,low,99.82758620689656,191.0,29.0,7.0,5.062,0.0,2.0,0.0,6,0,0.976,485.6666666666667,1.808,1.136,2.118,,
3,rule_based,3,12,large,medium,70.22222222222223,233.0,36.0,13.0,13.664,0.0,0.0,2.0,7,0,0.984,487.6666666666667,5.052,2.604,6.008,,
3,fsd,3,12,large,medium,182.96296296296296,281.0,27.0,9.0,17.616,0.0,5.0,0.0,5,0,0.984,489.0,5.578,5.29,6.748,,
3,rule_based,3,12,large,high,46.57575757575758,124.0,33.0,278.0,27.244,0.0,0.0,41.0,114,0,0.99,402.3333333333333,3.566,19.704,3.974,,
3,fsd,3,12,large,high,206.3939393939394,371.0,33.0,22.0,33.702,0.0,11.0,0.0,13,0,0.99,487.6666666666667,4.658,24.558,4.486,,
3,rule_based,4,6,small,low,29.65,97.0,40.0,209.0,0.002,2.0,0.0,23.0,90,2,0.6125,249.0,0.0,0.0,0.002,0.0,
3,fsd,4,6,small,low,32.05,88.0,40.0,95.0,0.066,0.0,43.0,0.0,49,0,0.6815,317.0,0.038,0.0,0.028,0.0,
3,rule_based,4,6,small,medium,44.94117647058823,136.0,34.0,841.0,8.7,15.0,0.0,27.0,501,15,0.967,249.25,3.596,1.012,2.188,1.904,
3,fsd,4,6,small,medium,74.80392156862744,160.0,51.0,137.0,5.038,0.0,63.0,0.0,78,0,0.976,453.75,1.312,0.468,2.608,0.65,
3,rule_based,4,6,small,high,60.016129032258064,325.0,62.0,470.0,21.182,0.0,0.0,63.0,252,0,0.985,375.0,2.73,4.534,13.114,0.804,
3,fsd,4,6,small,high,110.36842105263158,245.0,57.0,190.0,18.632,0.0,91.0,0.0,108,0,0.985,445.0,2.61,6.194,9.504,0.324,
3,rule_based,4,6,large,low,71.17647058823529,250.0,34.0,225.0,2.114,0.0,0.0,23.0,127,0,0.9535,420.5,0.454,0.6,0.684,0.376,
3,fsd,4,6,large,low,65.05405405405405,149.0,37.0,75.0,1.326,0.0,34.0,0.0,45,0,0.958,460.25,0.452,0.264,0.422,0.188,
3,rule_based,4,6,large,medium,56.36,155.0,25.0,419.0,15.122,0.0,0.0,69.0,261,0,0.976,383.25,4.902,2.104,4.26,3.856,
3,fsd,4,6,large,medium,128.3684210526316,257.0,38.0,41.0,11.14,0.0,20.0,0.0,24,0,0.976,477.75,4.006,1.408,2.718,3.008,
3,rule_based,4,6,large,high,55.3469387755102,199.0,49.0,454.0,23.504,1.0,0.0,62.0,252,1,0.985,379.0,3.758,7.972,9.472,2.302,
3,fsd,4,6,large,high,180.52173913043478,333.0,46.0,83.0,28.008,0.0,39.0,0.0,47,0,0.985,471.75,4.028,8.768,12.884,2.328,
3,rule_based,4,12,small,low,30.121951219512194,74.0,41.0,45.0,0.006,0.0,0.0,6.0,21,0,0.62,298.75,0.0,0.0,0.0,0.006,
3,fsd,4,12,small,low,37.38235294117647,72.0,34.0,172.0,0.364,0.0,84.0,0.0,111,0,0.791,352.5,0.126,0.042,0.02,0.176,
3,rule_based,4,12,small,medium,50.01754385964912,159.0,57.0,23.0,2.49,0.0,0.0,2.0,13,0,0.975,481.75,0.754,0.592,0.338,0.806,
3,fsd,4,12,small,medium,56.17857142857143,110.0,56.0,19.0,2.912,0.0,6.0,0.0,13,0,0.975,482.75,0.814,0.532,0.952,0.614,
3,rule_based,4,12,small,high,62.970588235294116,274.0,34.0,1245.0,31.712,23.0,0.0,26.0,779,23,0.985,150.75,4.328,8.654,16.968,1.762,
3,fsd,4,12,small,high,131.13114754098362,216.0,61.0,86.0,20.228,0.0,39.0,0.0,55,0,0.985,471.0,2.412,6.614,10.052,1.15,
3,rule_based,4,12,large,low,57.14705882352941,117.0,34.0,72.0,1.208,0.0,0.0,11.0,37,0,0.9415,452.75,0.44,0.222,0.242,0.304,
3,fsd,4,12,large,low,69.88888888888889,143.0,36.0,36.0,1.766,0.0,18.0,0.0,23,0,0.9425,462.25,0.338,0.24,0.344,0.844,
3,rule_based,4,12,large,medium,71.5,377.0,44.0,0.0,8.572,0.0,0.0,0.0,0,0,0.976,488.0,2.208,1.304,2.14,2.92,
3,fsd,4,12,large,medium,142.52631578947367,251.0,38.0,3.0,12.056,0.0,0.0,0.0,3,0,0.976,487.25,3.824,2.014,2.422,3.796,
3,rule_based,4,12,large,high,53.205882352941174,115.0,34.0,712.0,26.088,7.0,0.0,52.0,391,7,0.985,314.5,4.01,7.572,10.596,3.91,
3,fsd,4,12,large,high,175.79591836734693,325.0,49.0,43.0,26.928,0.0,20.0,0.0,25,0,0.985,481.75,3.656,8.498,12.084,2.69,
3,rule_based,5,6,small,low,28.153846153846153,67.0,39.0,203.0,0.0,1.0,0.0,24.0,63,1,0.4632,191.0,0.0,0.0,0.0,0.0,0.0
3,fsd,5,6,small,low,27.414634146341463,71.0,41.0,52.0,0.0,0.0,29.0,0.0,26,0,0.4824,230.8,0.0,0.0,0.0,0.0,0.0
3,rule_based,5,6,small,medium,45.76470588235294,116.0,51.0,517.0,1.798,0.0,0.0,59.0,271,0,0.9356,364.4,1.012,0.312,0.17,0.178,0.126
3,fsd,5,6,small,medium,65.5,143.0,54.0,234.0,3.118,0.0,92.0,4.0,134,0,0.9432,424.8,0.812,0.348,0.462,1.126,0.37
3,rule_based,5,6,small,high,55.377049180327866,225.0,61.0,756.0,16.576,0.0,0.0,112.0,385,0,0.98,337.8,2.536,3.138,3.244,6.768,0.89
3,fsd,5,6,small,high,103.51515151515152,238.0,66.0,288.0,15.374,0.0,127.0,1.0,165,0,0.98,432.4,2.042,4.934,2.616,5.432,0.35
3,rule_based,5,6,large,low,71.16666666666667,198.0,36.0,371.0,1.018,0.0,0.0,51.0,193,0,0.922,385.8,0.276,0.478,0.06,0.156,0.048
3,fsd,5,6,large,low,64.4054054054054,140.0,37.0,153.0,0.614,0.0,60.0,2.0,92,0,0.8992,419.0,0.22,0.116,0.046,0.086,0.146
3,rule_based,5,6,large,medium,59.45454545454545,148.0,33.0,442.0,10.7,0.0,0.0,68.0,272,0,0.968,395.6,3.028,1.708,1.764,1.892,2.308
3,fsd,5,6,large,medium,85.95652173913044,210.0,46.0,70.0,5.668,0.0,33.0,0.0,44,0,0.968,470.0,2.124,0.682,0.97,0.578,1.314
3,rule_based,5,6,large,high,44.38461538461539,89.0,13.0,1209.0,35.394,19.0,0.0,83.0,549,19,0.98,248.2,5.424,12.37,5.066,9.384,3.15
3,fsd,5,6,large,high,162.14285714285714,333.0,49.0,161.0,24.65,0.0,73.0,0.0,95,0,0.98,457.8,3.35,8.002,4.186,7.128,1.984
3,rule_based,5,12,small,low,27.6,75.0,40.0,88.0,0.0,2.0,0.0,12.0,30,2,0.4528,208.8,0.0,0.0,0.0,0.0,0.0
3,fsd,5,12,small,low,33.35,92.0,40.0,93.0,0.004,0.0,46.0,0.0,50,0,0.5636,263.2,0.0,0.0,0.0,0.004,0.0
3,rule_based,5,12,small,medium,42.827586206896555,101.0,58.0,134.0,0.754,0.0,0.0,14.0,73,0,0.902,423.2,0.31,0.054,0.208,0.15,0.032
3,fsd,5,12,small,medium,56.29824561403509,114.0,57.0,132.0,1.924,0.0,59.0,0.0,82,0,0.9564,451.8,0.478,0.234,0.53,0.534,0.148
3,rule_based,5,12,small,high,76.8529411764706,269.0,68.0,532.0,18.282,2.0,0.0,61.0,258,2,0.98,383.6,2.782,1.21,12.322,1.672,0.296
3,fsd,5,12,small,high,114.63492063492063,224.0,63.0,224.0,16.874,0.0,99.0,1.0,139,0,0.98,445.2,2.054,1.59,11.308,1.494,0.428
3,rule_based,5,12,large,low,51.56410256410256,104.0,39.0,113.0,0.116,0.0,0.0,16.0,54,0,0.8148,384.8,0.048,0.004,0.012,0.03,0.022
3,fsd,5,12,large,low,46.10526315789474,84.0,38.0,17.0,0.048,0.0,8.0,0.0,10,0,0.738,365.6,0.0,0.022,0.0,0.024,0.002
3,rule_based,5,12,large,medium,65.07142857142857,176.0,42.0,211.0,6.138,0.0,0.0,33.0,106,0,0.968,441.8,1.908,0.342,1.324,0.54,2.024
3,fsd,5,12,large,medium,103.08888888888889,179.0,45.0,15.0,7.222,0.0,8.0,0.0,8,0,0.968,481.0,2.32,0.592,1.572,0.892,1.846
3,rule_based,5,12,large,high,75.03846153846153,279.0,52.0,623.0,25.684,0.0,0.0,84.0,318,0,0.98,365.4,3.912,1.676,15.662,2.012,2.422
3,fsd,5,12,large,high,163.15686274509804,283.0,51.0,167.0,24.632,0.0,74.0,1.0,95,0,0.98,456.6,3.414,1.544,16.914,0.958,1.802
4,rule_based,3,6,small,low,33.5,75.0,40.0,136.0,0.294,1.0,0.0,20.0,68,1,0.822,365.6666666666667,0.098,0.03,0.166,,
4,fsd,3,6,small,low,32.58974358974359,60.0,39.0,44.0,0.172,0.0,24.0,0.0,26,0,0.836,403.3333333333333,0.054,0.028,0.09,,
4,rule_based,3,6,small,medium,68.82978723404256,428.0,47.0,48.0,6.67,0.0,0.0,6.0,26,0,0.984,476.0,1.74,1.62,3.31,,
4,fsd,3,6,small,medium,98.93181818181819,198.0,44.0,20.0,8.642,0.0,10.0,0.0,12,0,0.984,485.3333333333333,3.374,2.604,2.664,,
4,rule_based,3,6,small,high,46.74603174603175,298.0,63.0,109.0,16.74,0.0,0.0,15.0,57,0,0.99,458.6666666666667,2.378,11.478,2.884,,
4,fsd,3,6,small,high,134.82692307692307,273.0,52.0,39.0,23.352,0.0,16.0,0.0,24,0,0.99,482.0,3.292,15.186,4.874,,
4,rule_based,3,6,large,low,46.833333333333336,141.0,36.0,87.0,1.074,0.0,0.0,14.0,46,0,0.958,450.0,0.33,0.542,0.202,,
4,fsd,3,6,large,low,68.02941176470588,168.0,34.0,47.0,2.546,0.0,23.0,0.0,28,0,0.976,472.3333333333333,0.668,1.28,0.598,,
4,rule_based,3,6,large,medium,92.45833333333333,343.0,24.0,255.0,17.398,0.0,0.0,39.0,130,0,0.984,407.0,4.424,7.782,5.192,,
4,fsd,3,6,large,medium,150.82142857142858,289.0,28.0,21.0,15.63,0.0,12.0,0.0,12,0,0.984,485.0,4.842,6.062,4.726,,
4,rule_based,3,6,large,high,40.026315789473685,111.0,38.0,659.0,29.532,0.0,0.0,107.0,331,0,0.99,275.3333333333333,3.144,17.866,8.522,,
4,fsd,3,6,large,high,172.44736842105263,344.0,38.0,16.0,30.086,0.0,8.0,0.0,9,0,0.99,489.6666666666667,4.092,19.266,6.728,,
4,rule_based,3,12,small,low,45.22222222222222,148.0,36.0,135.0,1.026,0.0,0.0,14.0,67,0,0.8953333333333333,402.6666666666667,0.336,0.33,0.36,,
4,fsd,3,12,small,low,41.18421052631579,76.0,38.0,35.0,0.576,0.0,14.0,0.0,22,0,0.9206666666666666,448.6666666666667,0.218,0.17,0.188,,
4,rule_based,3,12,small,medium,64.68085106382979,377.0,47.0,12.0,7.128,0.0,0.0,1.0,7,0,0.984,488.0,1.79,1.772,3.566,,
4,fsd,3,12,small,medium,123.51282051282051,245.0,39.0,12.0,11.546,0.0,4.0,0.0,9,0,0.984,488.0,4.326,3.352,3.868,,
4,rule_based,3,12,small,high,56.39622641509434,309.0,53.0,231.0,22.148,0.0,0.0,31.0,127,0,0.99,418.0,4.032,15.192,2.924,,
4,fsd,3,12,small,high,155.0,294.0,49.0,31.0,25.76,0.0,12.0,0.0,19,0,0.99,484.6666666666667,4.238,18.95,2.572,,
4,rule_based,3,12,large,low,49.407407407407405,99.0,27.0,168.0,4.594,0.0,0.0,27.0,81,0,0.966,427.0,1.566,1.296,1.732,,
4,fsd,3,12,large,low,91.8125,193.0,32.0,14.0,4.356,0.0,7.0,0.0,9,0,0.976,483.3333333333333,1.294,1.898,1.164,,
4,rule_based,3,12,large,medium,77.1923076923077,288.0,26.0,206.0,16.206,0.0,0.0,31.0,105,0,0.984,423.3333333333333,7.008,4.722,4.476,,
4,fsd,3,12,large,medium,163.89285714285714,307.0,28.0,8.0,16.17,0.0,4.0,0.0,5,0,0.984,489.3333333333333,5.582,5.936,4.652,,
4,rule_based,3,12,large,high,44.09090909090909,93.0,11.0,460.0,38.74,0.0,0.0,74.0,165,0,0.99,341.6666666666667,6.48,29.202,3.058,,
4,fsd,3,12,large,high,180.55555555555554,341.0,36.0,22.0,31.0,0.0,12.0,0.0,12,0,0.99,487.6666666666667,4.032,24.22,2.748,,
4,rule_based,4,6,small,low,28.875,71.0,40.0,127.0,0.014,1.0,0.0,17.0,48,1,0.594,265.25,0.0,0.0,0.008,0.006,
4,fsd,4,6,small,low,29.625,55.0,40.0,53.0,0.036,0.0,25.0,0.0,31,0,0.617,295.25,0.0,0.0,0.022,0.014,
4,rule_based,4,6,small,medium,84.67441860465117,353.0,43.0,298.0,9.934,0.0,0.0,46.0,158,0,0.965,408.0,2.346,2.348,3.73,1.51,
4,fsd,4,6,small,medium,53.2,103.0,55.0,76.0,2.564,0.0,32.0,0.0,50,0,0.958,460.0,1.134,0.422,0.748,0.26,
4,rule_based,4,6,small,high,42.72222222222222,149.0,54.0,460.0,16.356,1.0,0.0,59.0,241,1,0.9845,377.25,2.872,5.986,6.844,0.654,
4,fsd,4,6,small,high,116.73913043478261,353.0,46.0,309.0,22.012,0.0,140.0,2.0,161,0,0.9845,415.0,3.094,6.832,11.518,0.568,
4,rule_based,4,6,large,low,42.63157894736842,104.0,19.0,419.0,4.786,1.0,0.0,68.0,206,1,0.8845,337.5,1.588,1.966,0.52,0.712,
4,fsd,4,6,large,low,41.945945945945944,85.0,37.0,59.0,0.11,0.0,30.0,0.0,33,0,0.843,406.75,0.016,0.036,0.036,0.022,
4,rule_based,4,6,large,medium,75.86842105263158,218.0,38.0,174.0,10.222,0.0,0.0,24.0,93,0,0.976,444.5,3.472,2.984,2.442,1.324,
4,fsd,4,6,large,medium,128.32432432432432,225.0,37.0,44.0,11.288,0.0,19.0,0.0,27,0,0.976,477.0,3.716,2.896,2.972,1.704,
4,rule_based,4,6,large,high,63.67857142857143,239.0,56.0,366.0,21.052,0.0,0.0,50.0,199,0,0.985,401.0,2.636,8.264,8.31,1.842,
4,fsd,4,6,large,high,173.4090909090909,339.0,44.0,111.0,27.66,0.0,55.0,0.0,64,0,0.985,464.75,3.312,11.356,11.168,1.824,
4,rule_based,4,12,small,low,28.36842105263158,65.0,38.0,94.0,0.046,0.0,0.0,9.0,48,0,0.6095,281.25,0.0,0.024,0.012,0.01,
4,fsd,4,12,small,low,32.205128205128204,65.0,39.0,39.0,0.02,0.0,20.0,0.0,23,0,0.653,316.75,0.0,0.006,0.012,0.002,
4,rule_based,4,12,small,medium,57.03846153846154,228.0,52.0,153.0,3.684,2.0,0.0,20.0,73,2,0.976,446.75,1.26,0.638,1.122,0.664,
4,fsd,4,12,small,medium,57.0377358490566,107.0,53.0,22.0,3.15,0.0,11.0,0.0,13,0,0.976,482.5,0.99,0.812,0.676,0.672,
4,rule_based,4,12,small,high,48.44776119402985,150.0,67.0,278.0,14.912,0.0,0.0,37.0,149,0,0.985,423.0,2.126,4.308,6.924,1.554,
4,fsd,4,12,small,high,109.16923076923077,210.0,65.0,35.0,16.772,0.0,14.0,0.0,23,0,0.985,483.75,2.194,5.79,7.91,0.878,
4,rule_based,4,12,large,low,45.39393939393939,93.0,33.0,155.0,1.242,1.0,0.0,25.0,74,1,0.9005,411.5,0.226,0.586,0.102,0.328,
4,fsd,4,12,large,low,54.189189189189186,123.0,37.0,41.0,0.764,0.0,21.0,0.0,23,0,0.9335,456.5,0.042,0.356,0.134,0.232,
4,rule_based,4,12,large,medium,70.90625,272.0,32.0,198.0,10.978,0.0,0.0,31.0,104,0,0.976,438.5,2.35,4.21,2.096,2.322,
4,fsd,4,12,large,medium,137.06451612903226,262.0,31.0,174.0,13.106,0.0,86.0,0.0,90,0,0.976,444.5,3.364,4.268,2.948,2.526,
4,rule_based,4,12,large,high,61.90196078431372,198.0,51.0,449.0,23.004,0.0,0.0,61.0,243,0,0.985,380.25,3.512,7.734,8.902,2.856,
4,fsd,4,12,large,high,154.75555555555556,318.0,45.0,38.0,25.728,0.0,18.0,0.0,23,0,0.985,483.0,2.422,10.8,10.404,2.102,
4,rule_based,5,6,small,low,30.92105263157895,100.0,38.0,225.0,0.0,3.0,0.0,30.0,101,3,0.526,218.0,0.0,0.0,0.0,0.0,0.0
4,fsd,5,6,small,low,28.526315789473685,79.0,38.0,96.0,0.002,0.0,42.0,0.0,50,0,0.5184,240.0,0.0,0.0,0.0,0.0,0.002
4,rule_based,5,6,small,medium,47.074074074074076,113.0,54.0,368.0,1.17,0.0,0.0,49.0,189,0,0.9252,389.0,0.402,0.212,0.256,0.22,0.08
4,fsd,5,6,small,medium,40.648148148148145,107.0,54.0,167.0,0.618,0.0,80.0,0.0,94,0,0.9068,420.0,0.298,0.11,0.074,0.076,0.06
4,rule_based,5,6,small,high,48.445945945945944,267.0,74.0,491.0,9.784,0.0,0.0,62.0,264,0,0.9632,383.4,1.684,3.582,2.44,1.578,0.5
4,fsd,5,6,small,high,73.90666666666667,219.0,75.0,136.0,9.972,0.0,66.0,0.0,81,0,0.9688,457.2,1.274,3.59,3.264,1.586,0.258
4,rule_based,5,6,large,low,43.526315789473685,139.0,38.0,233.0,0.002,2.0,0.0,30.0,96,2,0.7028,304.8,0.0,0.0,0.0,0.0,0.002
4,fsd,5,6,large,low,41.23684210526316,82.0,38.0,72.0,0.012,0.0,37.0,0.0,39,0,0.7052,338.2,0.004,0.0,0.006,0.002,0.0
4,rule_based,5,6,large,medium,61.7,141.0,30.0,483.0,10.854,0.0,0.0,75.0,191,0,0.968,387.4,3.39,2.27,0.866,2.25,2.078
4,fsd,5,6,large,medium,113.89473684210526,196.0,38.0,209.0,9.28,0.0,104.0,0.0,113,0,0.968,442.2,3.032,2.702,0.778,1.33,1.438
4,rule_based,5,6,large,high,66.58333333333333,297.0,60.0,486.0,19.3,0.0,0.0,65.0,254,0,0.98,392.8,2.204,7.296,5.28,2.638,1.882
4,fsd,5,6,large,high,142.47058823529412,289.0,51.0,199.0,22.702,0.0,83.0,0.0,116,0,0.98,450.2,2.818,9.392,5.67,3.458,1.364
4,rule_based,5,12,small,low,27.075,66.0,40.0,44.0,0.0,1.0,0.0,5.0,19,1,0.4492,215.8,0.0,0.0,0.0,0.0,0.0
4,fsd,5,12,small,low,29.871794871794872,66.0,39.0,17.0,0.0,0.0,10.0,0.0,9,0,0.4972,245.2,0.0,0.0,0.0,0.0,0.0
4,rule_based,5,12,small,medium,42.39622641509434,74.0,53.0,332.0,1.002,0.0,0.0,35.0,172,0,0.948,406.6,0.436,0.178,0.072,0.174,0.142
4,fsd,5,12,small,medium,56.339285714285715,125.0,56.0,186.0,1.92,0.0,84.0,0.0,117,0,0.9564,441.0,0.716,0.256,0.342,0.324,0.282
4,rule_based,5,12,small,high,56.80597014925373,217.0,67.0,597.0,13.554,2.0,0.0,68.0,290,2,0.9796,370.4,2.77,2.252,7.838,0.474,0.22
4,fsd,5,12,small,high,89.91666666666667,184.0,72.0,111.0,12.35,0.0,51.0,0.0,68,0,0.9796,467.6,1.512,1.432,8.396,0.672,0.338
4,rule_based,5,12,large,low,41.416666666666664,110.0,36.0,179.0,0.1,0.0,0.0,27.0,81,0,0.754,341.2,0.0,0.032,0.008,0.016,0.044
4,fsd,5,12,large,low,41.794871794871796,85.0,39.0,25.0,0.018,0.0,13.0,0.0,14,0,0.6828,336.4,0.0,0.0,0.018,0.0,0.0
4,rule_based,5,12,large,medium,81.27906976744185,219.0,43.0,206.0,7.51,3.0,0.0,23.0,104,3,0.968,438.4,1.614,1.854,1.762,1.088,1.192
4,fsd,5,12,large,medium,104.68888888888888,181.0,45.0,33.0,7.398,0.0,17.0,0.0,18,0,0.968,477.4,2.526,1.468,1.63,0.928,0.846
4,rule_based,5,12,large,high,61.787234042553195,206.0,47.0,678.0,22.788,0.0,0.0,93.0,331,0,0.98,354.4,2.3,3.388,14.754,0.186,2.16
4,fsd,5,12,large,high,136.86274509803923,276.0,51.0,111.0,21.6,0.0,49.0,0.0,66,0,0.98,467.8,2.066,2.134,15.604,0.41,1.386
