feature,weight,overall_avg_total_time,case_1_avg_total_time,case_2_avg_total_time,case_3_avg_total_time,case_4_avg_total_time,best_so_far_avg_total_time,weights_json
waiting,-10.0,60.585,57.8,57.47,65.96,61.11,60.585,"{""approach_queue"": 1.0, ""exit_competition"": 1.0, ""maneuver"": 1.0, ""path_conflict"": 1.0, ""remaining_path"": 0.0, ""same_direction_backlog"": 0.0, ""waiting"": -10.0}"
waiting,-9.75,60.585,57.8,57.47,65.96,61.11,60.585,"{""approach_queue"": 1.0, ""exit_competition"": 1.0, ""maneuver"": 1.0, ""path_conflict"": 1.0, ""remaining_path"": 0.0, ""same_direction_backlog"": 0.0, ""waiting"": -9.75}"
waiting,-9.5,60.5875,57.8,57.47,65.96,61.12,60.585,"{""approach_queue"": 1.0, ""exit_competition"": 1.0, ""maneuver"": 1.0, ""path_conflict"": 1.0, ""remaining_path"": 0.0, ""same_direction_backlog"": 0.0, ""waiting"": -9.5}"
waiting,-9.25,60.5875,57.8,57.47,65.96,61.12,60.585,"{""approach_queue"": 1.0, ""exit_competition"": 1.0, ""maneuver"": 1.0, ""path_conflict"": 1.0, ""remaining_path"": 0.0, ""same_direction_backlog"": 0.0, ""waiting"": -9.25}"
waiting,-9.0,60.575,57.76,57.46,65.96,61.12,60.575,"{""approach_queue"": 1.0, ""exit_competition"": 1.0, ""maneuver"": 1.0, ""path_conflict"": 1.0, ""remaining_path"": 0.0, ""same_direction_backlog"": 0.0, ""waiting"": -9.0}"
waiting,-8.75,60.575,57.76,57.46,65.96,61.12,60.575,"{""approach_queue"": 1.0, ""exit_competition"": 1.0, ""maneuver"": 1.0, ""path_conflict"": 1.0, ""remaining_path"": 0.0, ""same_direction_backlog"": 0.0, ""waiting"": -8.75}"
waiting,-8.5,60.575,57.76,57.46,65.96,61.12,60.575,"{""approach_queue"": 1.0, ""exit_competition"": 1.0, ""maneuver"": 1.0, ""path_conflict"": 1.0, ""remaining_path"": 0.0, ""same_direction_backlog"": 0.0, ""waiting"": -8.5}"
waiting,-8.25,60.575,57.76,57.46,65.96,61.12,60.575,"{""approach_queue"": 1.0, ""exit_competition"": 1.0, ""maneuver"": 1.0, ""path_conflict"": 1.0, ""remaining_path"": 0.0, ""same_direction_backlog"": 0.0, ""waiting"": -8.25}"
waiting,-8.0,60.575,57.74,57.44,65.96,61.16,60.575,"{""approach_queue"": 1.0, ""exit_competition"": 1.0, ""maneuver"": 1.0, ""path_conflict"": 1.0, ""remaining_path"": 0.0, ""same_direction_backlog"": 0.0, ""waiting"": -8.0}"
waiting,-7.75,60.575,57.74,57.44,65.96,61.16,60.575,"{""approach_queue"": 1.0, ""exit_competition"": 1.0, ""maneuver"": 1.0, ""path_conflict"": 1.0, ""remaining_path"": 0.0, ""same_direction_backlog"": 0.0, ""waiting"": -7.75}"
waiting,-7.5,60.575,57.73,57.41,65.96,61.2,60.575,"{""approach_queue"": 1.0, ""exit_competition"": 1.0, ""maneuver"": 1.0, ""path_conflict"": 1.0, ""remaining_path"": 0.0, ""same_direction_backlog"": 0.0, ""waiting"": -7.5}"
waiting,-7.25,60.575,57.73,57.41,65.96,61.2,60.575,"{""approach_queue"": 1.0, ""exit_competition"": 1.0, ""maneuver"": 1.0, ""path_conflict"": 1.0, ""remaining_path"": 0.0, ""same_direction_backlog"": 0.0, ""waiting"": -7.25}"
waiting,-7.0,60.5875,57.75,57.44,65.96,61.2,60.575,"{""approach_queue"": 1.0, ""exit_competition"": 1.0, ""maneuver"": 1.0, ""path_conflict"": 1.0, ""remaining_path"": 0.0, ""same_direction_backlog"": 0.0, ""waiting"": -7.0}"
waiting,-6.75,60.5875,57.75,57.44,65.96,61.2,60.575,"{""approach_queue"": 1.0, ""exit_competition"": 1.0, ""maneuver"": 1.0, ""path_conflict"": 1.0, ""remaining_path"": 0.0, ""same_direction_backlog"": 0.0, ""waiting"": -6.75}"
waiting,-6.5,60.59,57.75,57.44,65.96,61.21,60.575,"{""approach_queue"": 1.0, ""exit_competition"": 1.0, ""maneuver"": 1.0, ""path_conflict"": 1.0, ""remaining_path"": 0.0, ""same_direction_backlog"": 0.0, ""waiting"": -6.5}"
waiting,-6.25,60.59,57.75,57.44,65.96,61.21,60.575,"{""approach_queue"": 1.0, ""exit_competition"": 1.0, ""maneuver"": 1.0, ""path_conflict"": 1.0, ""remaining_path"": 0.0, ""same_direction_backlog"": 0.0, ""waiting"": -6.25}"
waiting,-6.0,60.585,57.81,57.45,65.96,61.12,60.575,"{""approach_queue"": 1.0, ""exit_competition"": 1.0, ""maneuver"": 1.0, ""path_conflict"": 1.0, ""remaining_path"": 0.0, ""same_direction_backlog"": 0.0, ""waiting"": -6.0}"
waiting,-5.75,60.61,57.81,57.55,65.96,61.12,60.575,"{""approach_queue"": 1.0, ""exit_competition"": 1.0, ""maneuver"": 1.0, ""path_conflict"": 1.0, ""remaining_path"": 0.0, ""same_direction_backlog"": 0.0, ""waiting"": -5.75}"
waiting,-5.5,60.6275,57.82,57.56,65.98,61.15,60.575,"{""approach_queue"": 1.0, ""exit_competition"": 1.0, ""maneuver"": 1.0, ""path_conflict"": 1.0, ""remaining_path"": 0.0, ""same_direction_backlog"": 0.0, ""waiting"": -5.5}"
waiting,-5.25,60.605,57.73,57.56,65.98,61.15,60.575,"{""approach_queue"": 1.0, ""exit_competition"": 1.0, ""maneuver"": 1.0, ""path_conflict"": 1.0, ""remaining_path"": 0.0, ""same_direction_backlog"": 0.0, ""waiting"": -5.25}"
waiting,-5.0,60.61,57.73,57.54,66.0,61.17,60.575,"{""approach_queue"": 1.0, ""exit_competition"": 1.0, ""maneuver"": 1.0, ""path_conflict"": 1.0, ""remaining_path"": 0.0, ""same_direction_backlog"": 0.0, ""waiting"": -5.0}"
waiting,-4.75,60.6175,57.71,57.59,66.0,61.17,60.575,"{""approach_queue"": 1.0, ""exit_competition"": 1.0, ""maneuver"": 1.0, ""path_conflict"": 1.0, ""remaining_path"": 0.0, ""same_direction_backlog"": 0.0, ""waiting"": -4.75}"
waiting,-4.5,60.62,57.72,57.58,66.0,61.18,60.575,"{""approach_queue"": 1.0, ""exit_competition"": 1.0, ""maneuver"": 1.0, ""path_conflict"": 1.0, ""remaining_path"": 0.0, ""same_direction_backlog"": 0.0, ""waiting"": -4.5}"
waiting,-4.25,60.6375,57.72,57.63,66.0,61.2,60.575,"{""approach_queue"": 1.0, ""exit_competition"": 1.0, ""maneuver"": 1.0, ""path_conflict"": 1.0, ""remaining_path"": 0.0, ""same_direction_backlog"": 0.0, ""waiting"": -4.25}"
waiting,-4.0,60.65,57.57,57.72,66.09,61.22,60.575,"{""approach_queue"": 1.0, ""exit_competition"": 1.0, ""maneuver"": 1.0, ""path_conflict"": 1.0, ""remaining_path"": 0.0, ""same_direction_backlog"": 0.0, ""waiting"": -4.0}"
waiting,-3.75,60.6425,57.59,57.67,66.09,61.22,60.575,"{""approach_queue"": 1.0, ""exit_competition"": 1.0, ""maneuver"": 1.0, ""path_conflict"": 1.0, ""remaining_path"": 0.0, ""same_direction_backlog"": 0.0, ""waiting"": -3.75}"
waiting,-3.5,60.7125,57.5,57.65,66.09,61.61,60.575,"{""approach_queue"": 1.0, ""exit_competition"": 1.0, ""maneuver"": 1.0, ""path_conflict"": 1.0, ""remaining_path"": 0.0, ""same_direction_backlog"": 0.0, ""waiting"": -3.5}"
waiting,-3.25,60.705,57.54,57.6,66.09,61.59,60.575,"{""approach_queue"": 1.0, ""exit_competition"": 1.0, ""maneuver"": 1.0, ""path_conflict"": 1.0, ""remaining_path"": 0.0, ""same_direction_backlog"": 0.0, ""waiting"": -3.25}"
waiting,-3.0,60.7275,57.6,57.6,66.15,61.56,60.575,"{""approach_queue"": 1.0, ""exit_competition"": 1.0, ""maneuver"": 1.0, ""path_conflict"": 1.0, ""remaining_path"": 0.0, ""same_direction_backlog"": 0.0, ""waiting"": -3.0}"
waiting,-2.75,60.72,57.6,57.57,66.15,61.56,60.575,"{""approach_queue"": 1.0, ""exit_competition"": 1.0, ""maneuver"": 1.0, ""path_conflict"": 1.0, ""remaining_path"": 0.0, ""same_direction_backlog"": 0.0, ""waiting"": -2.75}"
waiting,-2.5,60.76,57.81,57.52,66.11,61.6,60.575,"{""approach_queue"": 1.0, ""exit_competition"": 1.0, ""maneuver"": 1.0, ""path_conflict"": 1.0, ""remaining_path"": 0.0, ""same_direction_backlog"": 0.0, ""waiting"": -2.5}"
waiting,-2.25,60.7625,57.81,57.42,66.13,61.69,60.575,"{""approach_queue"": 1.0, ""exit_competition"": 1.0, ""maneuver"": 1.0, ""path_conflict"": 1.0, ""remaining_path"": 0.0, ""same_direction_backlog"": 0.0, ""waiting"": -2.25}"
waiting,-2.0,60.7525,57.79,57.31,66.19,61.72,60.575,"{""approach_queue"": 1.0, ""exit_competition"": 1.0, ""maneuver"": 1.0, ""path_conflict"": 1.0, ""remaining_path"": 0.0, ""same_direction_backlog"": 0.0, ""waiting"": -2.0}"
waiting,-1.75,60.7725,57.75,57.3,66.29,61.75,60.575,"{""approach_queue"": 1.0, ""exit_competition"": 1.0, ""maneuver"": 1.0, ""path_conflict"": 1.0, ""remaining_path"": 0.0, ""same_direction_backlog"": 0.0, ""waiting"": -1.75}"
waiting,-1.5,60.7525,57.79,57.25,66.33,61.64,60.575,"{""approach_queue"": 1.0, ""exit_competition"": 1.0, ""maneuver"": 1.0, ""path_conflict"": 1.0, ""remaining_path"": 0.0, ""same_direction_backlog"": 0.0, ""waiting"": -1.5}"
waiting,-1.25,60.765,57.69,57.29,66.31,61.77,60.575,"{""approach_queue"": 1.0, ""exit_competition"": 1.0, ""maneuver"": 1.0, ""path_conflict"": 1.0, ""remaining_path"": 0.0, ""same_direction_backlog"": 0.0, ""waiting"": -1.25}"
waiting,-1.0,60.8925,57.65,57.74,66.29,61.89,60.575,"{""approach_queue"": 1.0, ""exit_competition"": 1.0, ""maneuver"": 1.0, ""path_conflict"": 1.0, ""remaining_path"": 0.0, ""same_direction_backlog"": 0.0, ""waiting"": -1.0}"
waiting,-0.75,60.9,57.7,57.66,66.43,61.81,60.575,"{""approach_queue"": 1.0, ""exit_competition"": 1.0, ""maneuver"": 1.0, ""path_conflict"": 1.0, ""remaining_path"": 0.0, ""same_direction_backlog"": 0.0, ""waiting"": -0.75}"
waiting,-0.5,60.91,57.69,57.86,66.31,61.78,60.575,"{""approach_queue"": 1.0, ""exit_competition"": 1.0, ""maneuver"": 1.0, ""path_conflict"": 1.0, ""remaining_path"": 0.0, ""same_direction_backlog"": 0.0, ""waiting"": -0.5}"
waiting,-0.25,60.9,57.68,57.87,66.3,61.75,60.575,"{""approach_queue"": 1.0, ""exit_competition"": 1.0, ""maneuver"": 1.0, ""path_conflict"": 1.0, ""remaining_path"": 0.0, ""same_direction_backlog"": 0.0, ""waiting"": -0.25}"
waiting,0.0,60.79,57.05,56.85,67.65,61.61,60.575,"{""approach_queue"": 1.0, ""exit_competition"": 1.0, ""maneuver"": 1.0, ""path_conflict"": 1.0, ""remaining_path"": 0.0, ""same_direction_backlog"": 0.0, ""waiting"": 0.0}"
waiting,0.25,60.66,56.89,56.63,67.7,61.42,60.575,"{""approach_queue"": 1.0, ""exit_competition"": 1.0, ""maneuver"": 1.0, ""path_conflict"": 1.0, ""remaining_path"": 0.0, ""same_direction_backlog"": 0.0, ""waiting"": 0.25}"
waiting,0.5,60.3925,56.33,56.0,68.11,61.13,60.3925,"{""approach_queue"": 1.0, ""exit_competition"": 1.0, ""maneuver"": 1.0, ""path_conflict"": 1.0, ""remaining_path"": 0.0, ""same_direction_backlog"": 0.0, ""waiting"": 0.5}"
waiting,0.75,59.33,54.56,54.7,67.97,60.09,59.33,"{""approach_queue"": 1.0, ""exit_competition"": 1.0, ""maneuver"": 1.0, ""path_conflict"": 1.0, ""remaining_path"": 0.0, ""same_direction_backlog"": 0.0, ""waiting"": 0.75}"
waiting,1.0,58.8725,54.52,54.22,67.61,59.14,58.8725,"{""approach_queue"": 1.0, ""exit_competition"": 1.0, ""maneuver"": 1.0, ""path_conflict"": 1.0, ""remaining_path"": 0.0, ""same_direction_backlog"": 0.0, ""waiting"": 1.0}"
waiting,1.25,58.7125,54.37,54.17,67.63,58.68,58.7125,"{""approach_queue"": 1.0, ""exit_competition"": 1.0, ""maneuver"": 1.0, ""path_conflict"": 1.0, ""remaining_path"": 0.0, ""same_direction_backlog"": 0.0, ""waiting"": 1.25}"
waiting,1.5,58.69,54.39,54.08,67.74,58.55,58.69,"{""approach_queue"": 1.0, ""exit_competition"": 1.0, ""maneuver"": 1.0, ""path_conflict"": 1.0, ""remaining_path"": 0.0, ""same_direction_backlog"": 0.0, ""waiting"": 1.5}"
waiting,1.75,58.6225,54.36,54.05,67.72,58.36,58.6225,"{""approach_queue"": 1.0, ""exit_competition"": 1.0, ""maneuver"": 1.0, ""path_conflict"": 1.0, ""remaining_path"": 0.0, ""same_direction_backlog"": 0.0, ""waiting"": 1.75}"
waiting,2.0,58.5125,54.24,54.0,67.55,58.26,58.5125,"{""approach_queue"": 1.0, ""exit_competition"": 1.0, ""maneuver"": 1.0, ""path_conflict"": 1.0, ""remaining_path"": 0.0, ""same_direction_backlog"": 0.0, ""waiting"": 2.0}"
waiting,2.25,58.52,54.29,53.98,67.55,58.26,58.5125,"{""approach_queue"": 1.0, ""exit_competition"": 1.0, ""maneuver"": 1.0, ""path_conflict"": 1.0, ""remaining_path"": 0.0, ""same_direction_backlog"": 0.0, ""waiting"": 2.25}"
waiting,2.5,58.55,54.22,53.96,67.75,58.27,58.5125,"{""approach_queue"": 1.0, ""exit_competition"": 1.0, ""maneuver"": 1.0, ""path_conflict"": 1.0, ""remaining_path"": 0.0, ""same_direction_backlog"": 0.0, ""waiting"": 2.5}"
waiting,2.75,58.52,54.16,53.93,67.72,58.27,58.5125,"{""approach_queue"": 1.0, ""exit_competition"": 1.0, ""maneuver"": 1.0, ""path_conflict"": 1.0, ""remaining_path"": 0.0, ""same_direction_backlog"": 0.0, ""waiting"": 2.75}"
waiting,3.0,58.4725,54.16,53.87,67.57,58.29,58.4725,"{""approach_queue"": 1.0, ""exit_competition"": 1.0, ""maneuver"": 1.0, ""path_conflict"": 1.0, ""remaining_path"": 0.0, ""same_direction_backlog"": 0.0, ""waiting"": 3.0}"
waiting,3.25,58.4725,54.16,53.87,67.57,58.29,58.4725,"{""approach_queue"": 1.0, ""exit_competition"": 1.0, ""maneuver"": 1.0, ""path_conflict"": 1.0, ""remaining_path"": 0.0, ""same_direction_backlog"": 0.0, ""waiting"": 3.25}"
waiting,3.5,58.475,54.17,53.86,67.62,58.25,58.4725,"{""approach_queue"": 1.0, ""exit_competition"": 1.0, ""maneuver"": 1.0, ""path_conflict"": 1.0, ""remaining_path"": 0.0, ""same_direction_backlog"": 0.0, ""waiting"": 3.5}"
waiting,3.75,58.4775,54.18,53.86,67.62,58.25,58.4725,"{""approach_queue"": 1.0, ""exit_competition"": 1.0, ""maneuver"": 1.0, ""path_conflict"": 1.0, ""remaining_path"": 0.0, ""same_direction_backlog"": 0.0, ""waiting"": 3.75}"
waiting,4.0,58.4375,54.17,53.83,67.5,58.25,58.4375,"{""approach_queue"": 1.0, ""exit_competition"": 1.0, ""maneuver"": 1.0, ""path_conflict"": 1.0, ""remaining_path"": 0.0, ""same_direction_backlog"": 0.0, ""waiting"": 4.0}"
waiting,4.25,58.43,54.18,53.79,67.5,58.25,58.43,"{""approach_queue"": 1.0, ""exit_competition"": 1.0, ""maneuver"": 1.0, ""path_conflict"": 1.0, ""remaining_path"": 0.0, ""same_direction_backlog"": 0.0, ""waiting"": 4.25}"
waiting,4.5,58.4175,54.14,53.78,67.5,58.25,58.4175,"{""approach_queue"": 1.0, ""exit_competition"": 1.0, ""maneuver"": 1.0, ""path_conflict"": 1.0, ""remaining_path"": 0.0, ""same_direction_backlog"": 0.0, ""waiting"": 4.5}"
waiting,4.75,58.3875,54.05,53.73,67.5,58.27,58.3875,"{""approach_queue"": 1.0, ""exit_competition"": 1.0, ""maneuver"": 1.0, ""path_conflict"": 1.0, ""remaining_path"": 0.0, ""same_direction_backlog"": 0.0, ""waiting"": 4.75}"
waiting,5.0,58.38,54.05,53.73,67.55,58.19,58.38,"{""approach_queue"": 1.0, ""exit_competition"": 1.0, ""maneuver"": 1.0, ""path_conflict"": 1.0, ""remaining_path"": 0.0, ""same_direction_backlog"": 0.0, ""waiting"": 5.0}"
waiting,5.25,58.3625,54.05,53.67,67.54,58.19,58.3625,"{""approach_queue"": 1.0, ""exit_competition"": 1.0, ""maneuver"": 1.0, ""path_conflict"": 1.0, ""remaining_path"": 0.0, ""same_direction_backlog"": 0.0, ""waiting"": 5.25}"
waiting,5.5,58.36,54.04,53.67,67.54,58.19,58.36,"{""approach_queue"": 1.0, ""exit_competition"": 1.0, ""maneuver"": 1.0, ""path_conflict"": 1.0, ""remaining_path"": 0.0, ""same_direction_backlog"": 0.0, ""waiting"": 5.5}"
waiting,5.75,58.36,54.04,53.67,67.54,58.19,58.36,"{""approach_queue"": 1.0, ""exit_competition"": 1.0, ""maneuver"": 1.0, ""path_conflict"": 1.0, ""remaining_path"": 0.0, ""same_direction_backlog"": 0.0, ""waiting"": 5.75}"
waiting,6.0,58.3675,54.09,53.65,67.54,58.19,58.36,"{""approach_queue"": 1.0, ""exit_competition"": 1.0, ""maneuver"": 1.0, ""path_conflict"": 1.0, ""remaining_path"": 0.0, ""same_direction_backlog"": 0.0, ""waiting"": 6.0}"
waiting,6.25,58.3675,54.09,53.65,67.54,58.19,58.36,"{""approach_queue"": 1.0, ""exit_competition"": 1.0, ""maneuver"": 1.0, ""path_conflict"": 1.0, ""remaining_path"": 0.0, ""same_direction_backlog"": 0.0, ""waiting"": 6.25}"
waiting,6.5,58.355,54.09,53.65,67.54,58.14,58.355,"{""approach_queue"": 1.0, ""exit_competition"": 1.0, ""maneuver"": 1.0, ""path_conflict"": 1.0, ""remaining_path"": 0.0, ""same_direction_backlog"": 0.0, ""waiting"": 6.5}"
waiting,6.75,58.355,54.09,53.65,67.54,58.14,58.355,"{""approach_queue"": 1.0, ""exit_competition"": 1.0, ""maneuver"": 1.0, ""path_conflict"": 1.0, ""remaining_path"": 0.0, ""same_direction_backlog"": 0.0, ""waiting"": 6.75}"
waiting,7.0,58.34,54.04,53.65,67.53,58.14,58.34,"{""approach_queue"": 1.0, ""exit_competition"": 1.0, ""maneuver"": 1.0, ""path_conflict"": 1.0, ""remaining_path"": 0.0, ""same_direction_backlog"": 0.0, ""waiting"": 7.0}"
waiting,7.25,58.34,54.04,53.65,67.53,58.14,58.34,"{""approach_queue"": 1.0, ""exit_competition"": 1.0, ""maneuver"": 1.0, ""path_conflict"": 1.0, ""remaining_path"": 0.0, ""same_direction_backlog"": 0.0, ""waiting"": 7.25}"
waiting,7.5,58.3425,54.04,53.66,67.53,58.14,58.34,"{""approach_queue"": 1.0, ""exit_competition"": 1.0, ""maneuver"": 1.0, ""path_conflict"": 1.0, ""remaining_path"": 0.0, ""same_direction_backlog"": 0.0, ""waiting"": 7.5}"
waiting,7.75,58.3425,54.04,53.66,67.53,58.14,58.34,"{""approach_queue"": 1.0, ""exit_competition"": 1.0, ""maneuver"": 1.0, ""path_conflict"": 1.0, ""remaining_path"": 0.0, ""same_direction_backlog"": 0.0, ""waiting"": 7.75}"
waiting,8.0,58.3475,54.03,53.69,67.53,58.14,58.34,"{""approach_queue"": 1.0, ""exit_competition"": 1.0, ""maneuver"": 1.0, ""path_conflict"": 1.0, ""remaining_path"": 0.0, ""same_direction_backlog"": 0.0, ""waiting"": 8.0}"
waiting,8.25,58.3475,54.03,53.69,67.53,58.14,58.34,"{""approach_queue"": 1.0, ""exit_competition"": 1.0, ""maneuver"": 1.0, ""path_conflict"": 1.0, ""remaining_path"": 0.0, ""same_direction_backlog"": 0.0, ""waiting"": 8.25}"
waiting,8.5,58.3475,54.03,53.69,67.53,58.14,58.34,"{""approach_queue"": 1.0, ""exit_competition"": 1.0, ""maneuver"": 1.0, ""path_conflict"": 1.0, ""remaining_path"": 0.0, ""same_direction_backlog"": 0.0, ""waiting"": 8.5}"
waiting,8.75,58.3425,54.01,53.69,67.53,58.14,58.34,"{""approach_queue"": 1.0, ""exit_competition"": 1.0, ""maneuver"": 1.0, ""path_conflict"": 1.0, ""remaining_path"": 0.0, ""same_direction_backlog"": 0.0, ""waiting"": 8.75}"
waiting,9.0,58.3325,53.97,53.69,67.53,58.14,58.3325,"{""approach_queue"": 1.0, ""exit_competition"": 1.0, ""maneuver"": 1.0, ""path_conflict"": 1.0, ""remaining_path"": 0.0, ""same_direction_backlog"": 0.0, ""waiting"": 9.0}"
waiting,9.25,58.3325,53.97,53.69,67.53,58.14,58.3325,"{""approach_queue"": 1.0, ""exit_competition"": 1.0, ""maneuver"": 1.0, ""path_conflict"": 1.0, ""remaining_path"": 0.0, ""same_direction_backlog"": 0.0, ""waiting"": 9.25}"
waiting,9.5,58.3325,53.97,53.69,67.53,58.14,58.3325,"{""approach_queue"": 1.0, ""exit_competition"": 1.0, ""maneuver"": 1.0, ""path_conflict"": 1.0, ""remaining_path"": 0.0, ""same_direction_backlog"": 0.0, ""waiting"": 9.5}"
waiting,9.75,58.3325,53.97,53.69,67.53,58.14,58.3325,"{""approach_queue"": 1.0, ""exit_competition"": 1.0, ""maneuver"": 1.0, ""path_conflict"": 1.0, ""remaining_path"": 0.0, ""same_direction_backlog"": 0.0, ""waiting"": 9.75}"
waiting,10.0,58.3275,53.97,53.69,67.49,58.16,58.3275,"{""approach_queue"": 1.0, ""exit_competition"": 1.0, ""maneuver"": 1.0, ""path_conflict"": 1.0, ""remaining_path"": 0.0, ""same_direction_backlog"": 0.0, ""waiting"": 10.0}"
maneuver,-10.0,58.55,53.62,53.62,67.18,59.78,58.55,"{""approach_queue"": 1.0, ""exit_competition"": 1.0, ""maneuver"": -10.0, ""path_conflict"": 1.0, ""remaining_path"": 0.0, ""same_direction_backlog"": 0.0, ""waiting"": 1.0}"
maneuver,-9.75,58.55,53.62,53.62,67.18,59.78,58.55,"{""approach_queue"": 1.0, ""exit_competition"": 1.0, ""maneuver"": -9.75, ""path_conflict"": 1.0, ""remaining_path"": 0.0, ""same_direction_backlog"": 0.0, ""waiting"": 1.0}"
maneuver,-9.5,58.55,53.62,53.62,67.18,59.78,58.55,"{""approach_queue"": 1.0, ""exit_competition"": 1.0, ""maneuver"": -9.5, ""path_conflict"": 1.0, ""remaining_path"": 0.0, ""same_direction_backlog"": 0.0, ""waiting"": 1.0}"
maneuver,-9.25,58.55,53.62,53.62,67.18,59.78,58.55,"{""approach_queue"": 1.0, ""exit_competition"": 1.0, ""maneuver"": -9.25, ""path_conflict"": 1.0, ""remaining_path"": 0.0, ""same_direction_backlog"": 0.0, ""waiting"": 1.0}"
maneuver,-9.0,58.55,53.62,53.62,67.18,59.78,58.55,"{""approach_queue"": 1.0, ""exit_competition"": 1.0, ""maneuver"": -9.0, ""path_conflict"": 1.0, ""remaining_path"": 0.0, ""same_direction_backlog"": 0.0, ""waiting"": 1.0}"
maneuver,-8.75,58.55,53.62,53.62,67.18,59.78,58.55,"{""approach_queue"": 1.0, ""exit_competition"": 1.0, ""maneuver"": -8.75, ""path_conflict"": 1.0, ""remaining_path"": 0.0, ""same_direction_backlog"": 0.0, ""waiting"": 1.0}"
maneuver,-8.5,58.55,53.62,53.62,67.18,59.78,58.55,"{""approach_queue"": 1.0, ""exit_competition"": 1.0, ""maneuver"": -8.5, ""path_conflict"": 1.0, ""remaining_path"": 0.0, ""same_direction_backlog"": 0.0, ""waiting"": 1.0}"
maneuver,-8.25,58.55,53.62,53.62,67.18,59.78,58.55,"{""approach_queue"": 1.0, ""exit_competition"": 1.0, ""maneuver"": -8.25, ""path_conflict"": 1.0, ""remaining_path"": 0.0, ""same_direction_backlog"": 0.0, ""waiting"": 1.0}"
maneuver,-8.0,58.55,53.62,53.62,67.18,59.78,58.55,"{""approach_queue"": 1.0, ""exit_competition"": 1.0, ""maneuver"": -8.0, ""path_conflict"": 1.0, ""remaining_path"": 0.0, ""same_direction_backlog"": 0.0, ""waiting"": 1.0}"
maneuver,-7.75,58.55,53.62,53.62,67.18,59.78,58.55,"{""approach_queue"": 1.0, ""exit_competition"": 1.0, ""maneuver"": -7.75, ""path_conflict"": 1.0, ""remaining_path"": 0.0, ""same_direction_backlog"": 0.0, ""waiting"": 1.0}"
maneuver,-7.5,58.55,53.62,53.62,67.18,59.78,58.55,"{""approach_queue"": 1.0, ""exit_competition"": 1.0, ""maneuver"": -7.5, ""path_conflict"": 1.0, ""remaining_path"": 0.0, ""same_direction_backlog"": 0.0, ""waiting"": 1.0}"
maneuver,-7.25,58.55,53.62,53.62,67.18,59.78,58.55,"{""approach_queue"": 1.0, ""exit_competition"": 1.0, ""maneuver"": -7.25, ""path_conflict"": 1.0, ""remaining_path"": 0.0, ""same_direction_backlog"": 0.0, ""waiting"": 1.0}"
maneuver,-7.0,58.55,53.62,53.62,67.18,59.78,58.55,"{""approach_queue"": 1.0, ""exit_competition"": 1.0, ""maneuver"": -7.0, ""path_conflict"": 1.0, ""remaining_path"": 0.0, ""same_direction_backlog"": 0.0, ""waiting"": 1.0}"
maneuver,-6.75,58.55,53.62,53.62,67.18,59.78,58.55,"{""approach_queue"": 1.0, ""exit_competition"": 1.0, ""maneuver"": -6.75, ""path_conflict"": 1.0, ""remaining_path"": 0.0, ""same_direction_backlog"": 0.0, ""waiting"": 1.0}"
maneuver,-6.5,58.55,53.62,53.62,67.18,59.78,58.55,"{""approach_queue"": 1.0, ""exit_competition"": 1.0, ""maneuver"": -6.5, ""path_conflict"": 1.0, ""remaining_path"": 0.0, ""same_direction_backlog"": 0.0, ""waiting"": 1.0}"
maneuver,-6.25,58.55,53.62,53.62,67.18,59.78,58.55,"{""approach_queue"": 1.0, ""exit_competition"": 1.0, ""maneuver"": -6.25, ""path_conflict"": 1.0, ""remaining_path"": 0.0, ""same_direction_backlog"": 0.0, ""waiting"": 1.0}"
maneuver,-6.0,58.55,53.62,53.62,67.18,59.78,58.55,"{""approach_queue"": 1.0, ""exit_competition"": 1.0, ""maneuver"": -6.0, ""path_conflict"": 1.0, ""remaining_path"": 0.0, ""same_direction_backlog"": 0.0, ""waiting"": 1.0}"
maneuver,-5.75,58.55,53.62,53.62,67.18,59.78,58.55,"{""approach_queue"": 1.0, ""exit_competition"": 1.0, ""maneuver"": -5.75, ""path_conflict"": 1.0, ""remaining_path"": 0.0, ""same_direction_backlog"": 0.0, ""waiting"": 1.0}"
maneuver,-5.5,58.55,53.62,53.62,67.18,59.78,58.55,"{""approach_queue"": 1.0, ""exit_competition"": 1.0, ""maneuver"": -5.5, ""path_conflict"": 1.0, ""remaining_path"": 0.0, ""same_direction_backlog"": 0.0, ""waiting"": 1.0}"
maneuver,-5.25,58.545,53.6,53.62,67.18,59.78,58.545,"{""approach_queue"": 1.0, ""exit_competition"": 1.0, ""maneuver"": -5.25, ""path_conflict"": 1.0, ""remaining_path"": 0.0, ""same_direction_backlog"": 0.0, ""waiting"": 1.0}"
maneuver,-5.0,58.545,53.6,53.62,67.18,59.78,58.545,"{""approach_queue"": 1.0, ""exit_competition"": 1.0, ""maneuver"": -5.0, ""path_conflict"": 1.0, ""remaining_path"": 0.0, ""same_direction_backlog"": 0.0, ""waiting"": 1.0}"
maneuver,-4.75,58.545,53.6,53.62,67.18,59.78,58.545,"{""approach_queue"": 1.0, ""exit_competition"": 1.0, ""maneuver"": -4.75, ""path_conflict"": 1.0, ""remaining_path"": 0.0, ""same_direction_backlog"": 0.0, ""waiting"": 1.0}"
maneuver,-4.5,58.54,53.6,53.6,67.18,59.78,58.54,"{""approach_queue"": 1.0, ""exit_competition"": 1.0, ""maneuver"": -4.5, ""path_conflict"": 1.0, ""remaining_path"": 0.0, ""same_direction_backlog"": 0.0, ""waiting"": 1.0}"
maneuver,-4.25,58.545,53.6,53.6,67.2,59.78,58.54,"{""approach_queue"": 1.0, ""exit_competition"": 1.0, ""maneuver"": -4.25, ""path_conflict"": 1.0, ""remaining_path"": 0.0, ""same_direction_backlog"": 0.0, ""waiting"": 1.0}"
maneuver,-4.0,58.535,53.6,53.57,67.22,59.75,58.535,"{""approach_queue"": 1.0, ""exit_competition"": 1.0, ""maneuver"": -4.0, ""path_conflict"": 1.0, ""remaining_path"": 0.0, ""same_direction_backlog"": 0.0, ""waiting"": 1.0}"
maneuver,-3.75,58.535,53.6,53.57,67.22,59.75,58.535,"{""approach_queue"": 1.0, ""exit_competition"": 1.0, ""maneuver"": -3.75, ""path_conflict"": 1.0, ""remaining_path"": 0.0, ""same_direction_backlog"": 0.0, ""waiting"": 1.0}"
maneuver,-3.5,58.53,53.6,53.58,67.19,59.75,58.53,"{""approach_queue"": 1.0, ""exit_competition"": 1.0, ""maneuver"": -3.5, ""path_conflict"": 1.0, ""remaining_path"": 0.0, ""same_direction_backlog"": 0.0, ""waiting"": 1.0}"
maneuver,-3.25,58.525,53.47,53.59,67.31,59.73,58.525,"{""approach_queue"": 1.0, ""exit_competition"": 1.0, ""maneuver"": -3.25, ""path_conflict"": 1.0, ""remaining_path"": 0.0, ""same_direction_backlog"": 0.0, ""waiting"": 1.0}"
maneuver,-3.0,58.5225,53.45,53.58,67.33,59.73,58.5225,"{""approach_queue"": 1.0, ""exit_competition"": 1.0, ""maneuver"": -3.0, ""path_conflict"": 1.0, ""remaining_path"": 0.0, ""same_direction_backlog"": 0.0, ""waiting"": 1.0}"
maneuver,-2.75,58.53,53.46,53.57,67.33,59.76,58.5225,"{""approach_queue"": 1.0, ""exit_competition"": 1.0, ""maneuver"": -2.75, ""path_conflict"": 1.0, ""remaining_path"": 0.0, ""same_direction_backlog"": 0.0, ""waiting"": 1.0}"
maneuver,-2.5,58.55,53.48,53.57,67.34,59.81,58.5225,"{""approach_queue"": 1.0, ""exit_competition"": 1.0, ""maneuver"": -2.5, ""path_conflict"": 1.0, ""remaining_path"": 0.0, ""same_direction_backlog"": 0.0, ""waiting"": 1.0}"
maneuver,-2.25,58.5275,53.48,53.55,67.35,59.73,58.5225,"{""approach_queue"": 1.0, ""exit_competition"": 1.0, ""maneuver"": -2.25, ""path_conflict"": 1.0, ""remaining_path"": 0.0, ""same_direction_backlog"": 0.0, ""waiting"": 1.0}"
maneuver,-2.0,58.5325,53.65,53.54,67.35,59.59,58.5225,"{""approach_queue"": 1.0, ""exit_competition"": 1.0, ""maneuver"": -2.0, ""path_conflict"": 1.0, ""remaining_path"": 0.0, ""same_direction_backlog"": 0.0, ""waiting"": 1.0}"
maneuver,-1.75,58.43,53.68,53.58,67.35,59.11,58.43,"{""approach_queue"": 1.0, ""exit_competition"": 1.0, ""maneuver"": -1.75, ""path_conflict"": 1.0, ""remaining_path"": 0.0, ""same_direction_backlog"": 0.0, ""waiting"": 1.0}"
maneuver,-1.5,58.475,53.7,53.68,67.48,59.04,58.43,"{""approach_queue"": 1.0, ""exit_competition"": 1.0, ""maneuver"": -1.5, ""path_conflict"": 1.0, ""remaining_path"": 0.0, ""same_direction_backlog"": 0.0, ""waiting"": 1.0}"
maneuver,-1.25,58.5,53.72,53.88,67.59,58.81,58.43,"{""approach_queue"": 1.0, ""exit_competition"": 1.0, ""maneuver"": -1.25, ""path_conflict"": 1.0, ""remaining_path"": 0.0, ""same_direction_backlog"": 0.0, ""waiting"": 1.0}"
maneuver,-1.0,58.4875,53.71,53.93,67.72,58.59,58.43,"{""approach_queue"": 1.0, ""exit_competition"": 1.0, ""maneuver"": -1.0, ""path_conflict"": 1.0, ""remaining_path"": 0.0, ""same_direction_backlog"": 0.0, ""waiting"": 1.0}"
maneuver,-0.75,58.47,53.88,53.87,67.91,58.22,58.43,"{""approach_queue"": 1.0, ""exit_competition"": 1.0, ""maneuver"": -0.75, ""path_conflict"": 1.0, ""remaining_path"": 0.0, ""same_direction_backlog"": 0.0, ""waiting"": 1.0}"
maneuver,-0.5,58.4425,53.85,53.88,68.13,57.91,58.43,"{""approach_queue"": 1.0, ""exit_competition"": 1.0, ""maneuver"": -0.5, ""path_conflict"": 1.0, ""remaining_path"": 0.0, ""same_direction_backlog"": 0.0, ""waiting"": 1.0}"
maneuver,-0.25,58.43,53.86,53.92,68.01,57.93,58.43,"{""approach_queue"": 1.0, ""exit_competition"": 1.0, ""maneuver"": -0.25, ""path_conflict"": 1.0, ""remaining_path"": 0.0, ""same_direction_backlog"": 0.0, ""waiting"": 1.0}"
maneuver,0.0,58.4675,53.96,53.92,67.91,58.08,58.43,"{""approach_queue"": 1.0, ""exit_competition"": 1.0, ""maneuver"": 0.0, ""path_conflict"": 1.0, ""remaining_path"": 0.0, ""same_direction_backlog"": 0.0, ""waiting"": 1.0}"
maneuver,0.25,58.56,54.07,54.01,67.96,58.2,58.43,"{""approach_queue"": 1.0, ""exit_competition"": 1.0, ""maneuver"": 0.25, ""path_conflict"": 1.0, ""remaining_path"": 0.0, ""same_direction_backlog"": 0.0, ""waiting"": 1.0}"
maneuver,0.5,58.6175,54.31,54.03,67.86,58.27,58.43,"{""approach_queue"": 1.0, ""exit_competition"": 1.0, ""maneuver"": 0.5, ""path_conflict"": 1.0, ""remaining_path"": 0.0, ""same_direction_backlog"": 0.0, ""waiting"": 1.0}"
maneuver,0.75,58.695,54.33,54.14,67.7,58.61,58.43,"{""approach_queue"": 1.0, ""exit_competition"": 1.0, ""maneuver"": 0.75, ""path_conflict"": 1.0, ""remaining_path"": 0.0, ""same_direction_backlog"": 0.0, ""waiting"": 1.0}"
maneuver,1.0,58.8725,54.52,54.22,67.61,59.14,58.43,"{""approach_queue"": 1.0, ""exit_competition"": 1.0, ""maneuver"": 1.0, ""path_conflict"": 1.0, ""remaining_path"": 0.0, ""same_direction_backlog"": 0.0, ""waiting"": 1.0}"
maneuver,1.25,59.3525,54.69,54.76,67.94,60.02,58.43,"{""approach_queue"": 1.0, ""exit_competition"": 1.0, ""maneuver"": 1.25, ""path_conflict"": 1.0, ""remaining_path"": 0.0, ""same_direction_backlog"": 0.0, ""waiting"": 1.0}"
maneuver,1.5,59.8825,55.49,55.47,67.98,60.59,58.43,"{""approach_queue"": 1.0, ""exit_competition"": 1.0, ""maneuver"": 1.5, ""path_conflict"": 1.0, ""remaining_path"": 0.0, ""same_direction_backlog"": 0.0, ""waiting"": 1.0}"
maneuver,1.75,60.3175,56.21,56.03,67.87,61.16,58.43,"{""approach_queue"": 1.0, ""exit_competition"": 1.0, ""maneuver"": 1.75, ""path_conflict"": 1.0, ""remaining_path"": 0.0, ""same_direction_backlog"": 0.0, ""waiting"": 1.0}"
maneuver,2.0,60.5275,56.69,56.14,67.99,61.29,58.43,"{""approach_queue"": 1.0, ""exit_competition"": 1.0, ""maneuver"": 2.0, ""path_conflict"": 1.0, ""remaining_path"": 0.0, ""same_direction_backlog"": 0.0, ""waiting"": 1.0}"
maneuver,2.25,60.615,56.88,56.58,67.52,61.48,58.43,"{""approach_queue"": 1.0, ""exit_competition"": 1.0, ""maneuver"": 2.25, ""path_conflict"": 1.0, ""remaining_path"": 0.0, ""same_direction_backlog"": 0.0, ""waiting"": 1.0}"
maneuver,2.5,60.6525,56.99,56.55,67.55,61.52,58.43,"{""approach_queue"": 1.0, ""exit_competition"": 1.0, ""maneuver"": 2.5, ""path_conflict"": 1.0, ""remaining_path"": 0.0, ""same_direction_backlog"": 0.0, ""waiting"": 1.0}"
maneuver,2.75,60.7225,57.03,56.67,67.53,61.66,58.43,"{""approach_queue"": 1.0, ""exit_competition"": 1.0, ""maneuver"": 2.75, ""path_conflict"": 1.0, ""remaining_path"": 0.0, ""same_direction_backlog"": 0.0, ""waiting"": 1.0}"
maneuver,3.0,60.72,57.07,56.62,67.53,61.66,58.43,"{""approach_queue"": 1.0, ""exit_competition"": 1.0, ""maneuver"": 3.0, ""path_conflict"": 1.0, ""remaining_path"": 0.0, ""same_direction_backlog"": 0.0, ""waiting"": 1.0}"
maneuver,3.25,60.755,57.15,56.67,67.54,61.66,58.43,"{""approach_queue"": 1.0, ""exit_competition"": 1.0, ""maneuver"": 3.25, ""path_conflict"": 1.0, ""remaining_path"": 0.0, ""same_direction_backlog"": 0.0, ""waiting"": 1.0}"
maneuver,3.5,60.7425,57.12,56.67,67.52,61.66,58.43,"{""approach_queue"": 1.0, ""exit_competition"": 1.0, ""maneuver"": 3.5, ""path_conflict"": 1.0, ""remaining_path"": 0.0, ""same_direction_backlog"": 0.0, ""waiting"": 1.0}"
maneuver,3.75,60.7425,57.12,56.67,67.52,61.66,58.43,"{""approach_queue"": 1.0, ""exit_competition"": 1.0, ""maneuver"": 3.75, ""path_conflict"": 1.0, ""remaining_path"": 0.0, ""same_direction_backlog"": 0.0, ""waiting"": 1.0}"
maneuver,4.0,60.745,57.12,56.67,67.53,61.66,58.43,"{""approach_queue"": 1.0, ""exit_competition"": 1.0, ""maneuver"": 4.0, ""path_conflict"": 1.0, ""remaining_path"": 0.0, ""same_direction_backlog"": 0.0, ""waiting"": 1.0}"
maneuver,4.25,60.755,57.12,56.71,67.53,61.66,58.43,"{""approach_queue"": 1.0, ""exit_competition"": 1.0, ""maneuver"": 4.25, ""path_conflict"": 1.0, ""remaining_path"": 0.0, ""same_direction_backlog"": 0.0, ""waiting"": 1.0}"
maneuver,4.5,60.745,57.11,56.71,67.5,61.66,58.43,"{""approach_queue"": 1.0, ""exit_competition"": 1.0, ""maneuver"": 4.5, ""path_conflict"": 1.0, ""remaining_path"": 0.0, ""same_direction_backlog"": 0.0, ""waiting"": 1.0}"
maneuver,4.75,60.745,57.11,56.71,67.5,61.66,58.43,"{""approach_queue"": 1.0, ""exit_competition"": 1.0, ""maneuver"": 4.75, ""path_conflict"": 1.0, ""remaining_path"": 0.0, ""same_direction_backlog"": 0.0, ""waiting"": 1.0}"
maneuver,5.0,60.745,57.11,56.71,67.5,61.66,58.43,"{""approach_queue"": 1.0, ""exit_competition"": 1.0, ""maneuver"": 5.0, ""path_conflict"": 1.0, ""remaining_path"": 0.0, ""same_direction_backlog"": 0.0, ""waiting"": 1.0}"
maneuver,5.25,60.745,57.11,56.71,67.5,61.66,58.43,"{""approach_queue"": 1.0, ""exit_competition"": 1.0, ""maneuver"": 5.25, ""path_conflict"": 1.0, ""remaining_path"": 0.0, ""same_direction_backlog"": 0.0, ""waiting"": 1.0}"
maneuver,5.5,60.745,57.11,56.71,67.5,61.66,58.43,"{""approach_queue"": 1.0, ""exit_competition"": 1.0, ""maneuver"": 5.5, ""path_conflict"": 1.0, ""remaining_path"": 0.0, ""same_direction_backlog"": 0.0, ""waiting"": 1.0}"
maneuver,5.75,60.7475,57.11,56.71,67.5,61.67,58.43,"{""approach_queue"": 1.0, ""exit_competition"": 1.0, ""maneuver"": 5.75, ""path_conflict"": 1.0, ""remaining_path"": 0.0, ""same_direction_backlog"": 0.0, ""waiting"": 1.0}"
maneuver,6.0,60.7475,57.11,56.71,67.5,61.67,58.43,"{""approach_queue"": 1.0, ""exit_competition"": 1.0, ""maneuver"": 6.0, ""path_conflict"": 1.0, ""remaining_path"": 0.0, ""same_direction_backlog"": 0.0, ""waiting"": 1.0}"
maneuver,6.25,60.7375,57.1,56.71,67.47,61.67,58.43,"{""approach_queue"": 1.0, ""exit_competition"": 1.0, ""maneuver"": 6.25, ""path_conflict"": 1.0, ""remaining_path"": 0.0, ""same_direction_backlog"": 0.0, ""waiting"": 1.0}"
maneuver,6.5,60.7375,57.1,56.71,67.47,61.67,58.43,"{""approach_queue"": 1.0, ""exit_competition"": 1.0, ""maneuver"": 6.5, ""path_conflict"": 1.0, ""remaining_path"": 0.0, ""same_direction_backlog"": 0.0, ""waiting"": 1.0}"
maneuver,6.75,60.7375,57.1,56.71,67.47,61.67,58.43,"{""approach_queue"": 1.0, ""exit_competition"": 1.0, ""maneuver"": 6.75, ""path_conflict"": 1.0, ""remaining_path"": 0.0, ""same_direction_backlog"": 0.0, ""waiting"": 1.0}"
maneuver,7.0,60.7375,57.1,56.71,67.47,61.67,58.43,"{""approach_queue"": 1.0, ""exit_competition"": 1.0, ""maneuver"": 7.0, ""path_conflict"": 1.0, ""remaining_path"": 0.0, ""same_direction_backlog"": 0.0, ""waiting"": 1.0}"
maneuver,7.25,60.7375,57.1,56.71,67.47,61.67,58.43,"{""approach_queue"": 1.0, ""exit_competition"": 1.0, ""maneuver"": 7.25, ""path_conflict"": 1.0, ""remaining_path"": 0.0, ""same_direction_backlog"": 0.0, ""waiting"": 1.0}"
maneuver,7.5,60.7375,57.1,56.71,67.47,61.67,58.43,"{""approach_queue"": 1.0, ""exit_competition"": 1.0, ""maneuver"": 7.5, ""path_conflict"": 1.0, ""remaining_path"": 0.0, ""same_direction_backlog"": 0.0, ""waiting"": 1.0}"
maneuver,7.75,60.7375,57.1,56.71,67.47,61.67,58.43,"{""approach_queue"": 1.0, ""exit_competition"": 1.0, ""maneuver"": 7.75, ""path_conflict"": 1.0, ""remaining_path"": 0.0, ""same_direction_backlog"": 0.0, ""waiting"": 1.0}"
maneuver,8.0,60.7375,57.1,56.71,67.47,61.67,58.43,"{""approach_queue"": 1.0, ""exit_competition"": 1.0, ""maneuver"": 8.0, ""path_conflict"": 1.0, ""remaining_path"": 0.0, ""same_direction_backlog"": 0.0, ""waiting"": 1.0}"
maneuver,8.25,60.7375,57.1,56.71,67.47,61.67,58.43,"{""approach_queue"": 1.0, ""exit_competition"": 1.0, ""maneuver"": 8.25, ""path_conflict"": 1.0, ""remaining_path"": 0.0, ""same_direction_backlog"": 0.0, ""waiting"": 1.0}"
maneuver,8.5,60.7375,57.1,56.71,67.47,61.67,58.43,"{""approach_queue"": 1.0, ""exit_competition"": 1.0, ""maneuver"": 8.5, ""path_conflict"": 1.0, ""remaining_path"": 0.0, ""same_direction_backlog"": 0.0, ""waiting"": 1.0}"
maneuver,8.75,60.7375,57.1,56.71,67.47,61.67,58.43,"{""approach_queue"": 1.0, ""exit_competition"": 1.0, ""maneuver"": 8.75, ""path_conflict"": 1.0, ""remaining_path"": 0.0, ""same_direction_backlog"": 0.0, ""waiting"": 1.0}"
maneuver,9.0,60.7375,57.1,56.71,67.47,61.67,58.43,"{""approach_queue"": 1.0, ""exit_competition"": 1.0, ""maneuver"": 9.0, ""path_conflict"": 1.0, ""remaining_path"": 0.0, ""same_direction_backlog"": 0.0, ""waiting"": 1.0}"
maneuver,9.25,60.7375,57.1,56.71,67.47,61.67,58.43,"{""approach_queue"": 1.0, ""exit_competition"": 1.0, ""maneuver"": 9.25, ""path_conflict"": 1.0, ""remaining_path"": 0.0, ""same_direction_backlog"": 0.0, ""waiting"": 1.0}"
maneuver,9.5,60.7375,57.1,56.71,67.47,61.67,58.43,"{""approach_queue"": 1.0, ""exit_competition"": 1.0, ""maneuver"": 9.5, ""path_conflict"": 1.0, ""remaining_path"": 0.0, ""same_direction_backlog"": 0.0, ""waiting"": 1.0}"
maneuver,9.75,60.7375,57.1,56.71,67.47,61.67,58.43,"{""approach_queue"": 1.0, ""exit_competition"": 1.0, ""maneuver"": 9.75, ""path_conflict"": 1.0, ""remaining_path"": 0.0, ""same_direction_backlog"": 0.0, ""waiting"": 1.0}"
maneuver,10.0,60.7375,57.1,56.71,67.47,61.67,58.43,"{""approach_queue"": 1.0, ""exit_competition"": 1.0, ""maneuver"": 10.0, ""path_conflict"": 1.0, ""remaining_path"": 0.0, ""same_direction_backlog"": 0.0, ""waiting"": 1.0}"
exit_competition,-10.0,58.9825,54.52,54.59,66.96,59.86,58.9825,"{""approach_queue"": 1.0, ""exit_competition"": -10.0, ""maneuver"": 1.0, ""path_conflict"": 1.0, ""remaining_path"": 0.0, ""same_direction_backlog"": 0.0, ""waiting"": 1.0}"
exit_competition,-9.75,58.9825,54.52,54.59,66.96,59.86,58.9825,"{""approach_queue"": 1.0, ""exit_competition"": -9.75, ""maneuver"": 1.0, ""path_conflict"": 1.0, ""remaining_path"": 0.0, ""same_direction_backlog"": 0.0, ""waiting"": 1.0}"
exit_competition,-9.5,58.9925,54.54,54.61,66.96,59.86,58.9825,"{""approach_queue"": 1.0, ""exit_competition"": -9.5, ""maneuver"": 1.0, ""path_conflict"": 1.0, ""remaining_path"": 0.0, ""same_direction_backlog"": 0.0, ""waiting"": 1.0}"
exit_competition,-9.25,58.9925,54.54,54.61,66.96,59.86,58.9825,"{""approach_queue"": 1.0, ""exit_competition"": -9.25, ""maneuver"": 1.0, ""path_conflict"": 1.0, ""remaining_path"": 0.0, ""same_direction_backlog"": 0.0, ""waiting"": 1.0}"
exit_competition,-9.0,58.9925,54.54,54.61,66.96,59.86,58.9825,"{""approach_queue"": 1.0, ""exit_competition"": -9.0, ""maneuver"": 1.0, ""path_conflict"": 1.0, ""remaining_path"": 0.0, ""same_direction_backlog"": 0.0, ""waiting"": 1.0}"
exit_competition,-8.75,58.9925,54.54,54.61,66.96,59.86,58.9825,"{""approach_queue"": 1.0, ""exit_competition"": -8.75, ""maneuver"": 1.0, ""path_conflict"": 1.0, ""remaining_path"": 0.0, ""same_direction_backlog"": 0.0, ""waiting"": 1.0}"
exit_competition,-8.5,58.9825,54.52,54.59,66.96,59.86,58.9825,"{""approach_queue"": 1.0, ""exit_competition"": -8.5, ""maneuver"": 1.0, ""path_conflict"": 1.0, ""remaining_path"": 0.0, ""same_direction_backlog"": 0.0, ""waiting"": 1.0}"
exit_competition,-8.25,58.9825,54.52,54.59,66.96,59.86,58.9825,"{""approach_queue"": 1.0, ""exit_competition"": -8.25, ""maneuver"": 1.0, ""path_conflict"": 1.0, ""remaining_path"": 0.0, ""same_direction_backlog"": 0.0, ""waiting"": 1.0}"
exit_competition,-8.0,58.9825,54.52,54.59,66.96,59.86,58.9825,"{""approach_queue"": 1.0, ""exit_competition"": -8.0, ""maneuver"": 1.0, ""path_conflict"": 1.0, ""remaining_path"": 0.0, ""same_direction_backlog"": 0.0, ""waiting"": 1.0}"
exit_competition,-7.75,58.9825,54.52,54.59,66.96,59.86,58.9825,"{""approach_queue"": 1.0, ""exit_competition"": -7.75, ""maneuver"": 1.0, ""path_conflict"": 1.0, ""remaining_path"": 0.0, ""same_direction_backlog"": 0.0, ""waiting"": 1.0}"
exit_competition,-7.5,58.9825,54.52,54.59,66.96,59.86,58.9825,"{""approach_queue"": 1.0, ""exit_competition"": -7.5, ""maneuver"": 1.0, ""path_conflict"": 1.0, ""remaining_path"": 0.0, ""same_direction_backlog"": 0.0, ""waiting"": 1.0}"
exit_competition,-7.25,58.9825,54.52,54.59,66.96,59.86,58.9825,"{""approach_queue"": 1.0, ""exit_competition"": -7.25, ""maneuver"": 1.0, ""path_conflict"": 1.0, ""remaining_path"": 0.0, ""same_direction_backlog"": 0.0, ""waiting"": 1.0}"
exit_competition,-7.0,58.9825,54.52,54.59,66.96,59.86,58.9825,"{""approach_queue"": 1.0, ""exit_competition"": -7.0, ""maneuver"": 1.0, ""path_conflict"": 1.0, ""remaining_path"": 0.0, ""same_direction_backlog"": 0.0, ""waiting"": 1.0}"
exit_competition,-6.75,58.9825,54.52,54.59,66.96,59.86,58.9825,"{""approach_queue"": 1.0, ""exit_competition"": -6.75, ""maneuver"": 1.0, ""path_conflict"": 1.0, ""remaining_path"": 0.0, ""same_direction_backlog"": 0.0, ""waiting"": 1.0}"
exit_competition,-6.5,58.9825,54.52,54.59,66.96,59.86,58.9825,"{""approach_queue"": 1.0, ""exit_competition"": -6.5, ""maneuver"": 1.0, ""path_conflict"": 1.0, ""remaining_path"": 0.0, ""same_direction_backlog"": 0.0, ""waiting"": 1.0}"
exit_competition,-6.25,58.9825,54.52,54.59,66.96,59.86,58.9825,"{""approach_queue"": 1.0, ""exit_competition"": -6.25, ""maneuver"": 1.0, ""path_conflict"": 1.0, ""remaining_path"": 0.0, ""same_direction_backlog"": 0.0, ""waiting"": 1.0}"
exit_competition,-6.0,58.9825,54.52,54.59,66.96,59.86,58.9825,"{""approach_queue"": 1.0, ""exit_competition"": -6.0, ""maneuver"": 1.0, ""path_conflict"": 1.0, ""remaining_path"": 0.0, ""same_direction_backlog"": 0.0, ""waiting"": 1.0}"
exit_competition,-5.75,58.9825,54.52,54.59,66.96,59.86,58.9825,"{""approach_queue"": 1.0, ""exit_competition"": -5.75, ""maneuver"": 1.0, ""path_conflict"": 1.0, ""remaining_path"": 0.0, ""same_direction_backlog"": 0.0, ""waiting"": 1.0}"
exit_competition,-5.5,58.9825,54.52,54.59,66.96,59.86,58.9825,"{""approach_queue"": 1.0, ""exit_competition"": -5.5, ""maneuver"": 1.0, ""path_conflict"": 1.0, ""remaining_path"": 0.0, ""same_direction_backlog"": 0.0, ""waiting"": 1.0}"
exit_competition,-5.25,58.985,54.52,54.59,66.97,59.86,58.9825,"{""approach_queue"": 1.0, ""exit_competition"": -5.25, ""maneuver"": 1.0, ""path_conflict"": 1.0, ""remaining_path"": 0.0, ""same_direction_backlog"": 0.0, ""waiting"": 1.0}"
exit_competition,-5.0,58.985,54.52,54.59,66.97,59.86,58.9825,"{""approach_queue"": 1.0, ""exit_competition"": -5.0, ""maneuver"": 1.0, ""path_conflict"": 1.0, ""remaining_path"": 0.0, ""same_direction_backlog"": 0.0, ""waiting"": 1.0}"
exit_competition,-4.75,58.985,54.52,54.59,66.97,59.86,58.9825,"{""approach_queue"": 1.0, ""exit_competition"": -4.75, ""maneuver"": 1.0, ""path_conflict"": 1.0, ""remaining_path"": 0.0, ""same_direction_backlog"": 0.0, ""waiting"": 1.0}"
exit_competition,-4.5,58.985,54.52,54.59,66.97,59.86,58.9825,"{""approach_queue"": 1.0, ""exit_competition"": -4.5, ""maneuver"": 1.0, ""path_conflict"": 1.0, ""remaining_path"": 0.0, ""same_direction_backlog"": 0.0, ""waiting"": 1.0}"
exit_competition,-4.25,58.985,54.52,54.59,66.97,59.86,58.9825,"{""approach_queue"": 1.0, ""exit_competition"": -4.25, ""maneuver"": 1.0, ""path_conflict"": 1.0, ""remaining_path"": 0.0, ""same_direction_backlog"": 0.0, ""waiting"": 1.0}"
exit_competition,-4.0,58.985,54.52,54.59,66.97,59.86,58.9825,"{""approach_queue"": 1.0, ""exit_competition"": -4.0, ""maneuver"": 1.0, ""path_conflict"": 1.0, ""remaining_path"": 0.0, ""same_direction_backlog"": 0.0, ""waiting"": 1.0}"
exit_competition,-3.75,58.985,54.52,54.59,66.97,59.86,58.9825,"{""approach_queue"": 1.0, ""exit_competition"": -3.75, ""maneuver"": 1.0, ""path_conflict"": 1.0, ""remaining_path"": 0.0, ""same_direction_backlog"": 0.0, ""waiting"": 1.0}"
exit_competition,-3.5,58.985,54.52,54.59,66.97,59.86,58.9825,"{""approach_queue"": 1.0, ""exit_competition"": -3.5, ""maneuver"": 1.0, ""path_conflict"": 1.0, ""remaining_path"": 0.0, ""same_direction_backlog"": 0.0, ""waiting"": 1.0}"
exit_competition,-3.25,58.985,54.52,54.59,66.97,59.86,58.9825,"{""approach_queue"": 1.0, ""exit_competition"": -3.25, ""maneuver"": 1.0, ""path_conflict"": 1.0, ""remaining_path"": 0.0, ""same_direction_backlog"": 0.0, ""waiting"": 1.0}"
exit_competition,-3.0,58.9825,54.52,54.59,66.96,59.86,58.9825,"{""approach_queue"": 1.0, ""exit_competition"": -3.0, ""maneuver"": 1.0, ""path_conflict"": 1.0, ""remaining_path"": 0.0, ""same_direction_backlog"": 0.0, ""waiting"": 1.0}"
exit_competition,-2.75,58.9825,54.52,54.59,66.96,59.86,58.9825,"{""approach_queue"": 1.0, ""exit_competition"": -2.75, ""maneuver"": 1.0, ""path_conflict"": 1.0, ""remaining_path"": 0.0, ""same_direction_backlog"": 0.0, ""waiting"": 1.0}"
exit_competition,-2.5,58.9975,54.53,54.61,66.99,59.86,58.9825,"{""approach_queue"": 1.0, ""exit_competition"": -2.5, ""maneuver"": 1.0, ""path_conflict"": 1.0, ""remaining_path"": 0.0, ""same_direction_backlog"": 0.0, ""waiting"": 1.0}"
exit_competition,-2.25,58.9975,54.53,54.61,66.99,59.86,58.9825,"{""approach_queue"": 1.0, ""exit_competition"": -2.25, ""maneuver"": 1.0, ""path_conflict"": 1.0, ""remaining_path"": 0.0, ""same_direction_backlog"": 0.0, ""waiting"": 1.0}"
exit_competition,-2.0,58.9375,54.48,54.42,66.99,59.86,58.9375,"{""approach_queue"": 1.0, ""exit_competition"": -2.0, ""maneuver"": 1.0, ""path_conflict"": 1.0, ""remaining_path"": 0.0, ""same_direction_backlog"": 0.0, ""waiting"": 1.0}"
exit_competition,-1.75,58.9,54.48,54.38,66.9,59.84,58.9,"{""approach_queue"": 1.0, ""exit_competition"": -1.75, ""maneuver"": 1.0, ""path_conflict"": 1.0, ""remaining_path"": 0.0, ""same_direction_backlog"": 0.0, ""waiting"": 1.0}"
exit_competition,-1.5,58.9025,54.44,54.28,67.02,59.87,58.9,"{""approach_queue"": 1.0, ""exit_competition"": -1.5, ""maneuver"": 1.0, ""path_conflict"": 1.0, ""remaining_path"": 0.0, ""same_direction_backlog"": 0.0, ""waiting"": 1.0}"
exit_competition,-1.25,58.8775,54.45,54.29,67.02,59.75,58.8775,"{""approach_queue"": 1.0, ""exit_competition"": -1.25, ""maneuver"": 1.0, ""path_conflict"": 1.0, ""remaining_path"": 0.0, ""same_direction_backlog"": 0.0, ""waiting"": 1.0}"
exit_competition,-1.0,58.8625,54.39,54.27,67.27,59.52,58.8625,"{""approach_queue"": 1.0, ""exit_competition"": -1.0, ""maneuver"": 1.0, ""path_conflict"": 1.0, ""remaining_path"": 0.0, ""same_direction_backlog"": 0.0, ""waiting"": 1.0}"
exit_competition,-0.75,58.8125,54.44,54.17,67.43,59.21,58.8125,"{""approach_queue"": 1.0, ""exit_competition"": -0.75, ""maneuver"": 1.0, ""path_conflict"": 1.0, ""remaining_path"": 0.0, ""same_direction_backlog"": 0.0, ""waiting"": 1.0}"
exit_competition,-0.5,58.78,54.43,54.14,67.41,59.14,58.78,"{""approach_queue"": 1.0, ""exit_competition"": -0.5, ""maneuver"": 1.0, ""path_conflict"": 1.0, ""remaining_path"": 0.0, ""same_direction_backlog"": 0.0, ""waiting"": 1.0}"
exit_competition,-0.25,58.7525,54.35,54.06,67.47,59.13,58.7525,"{""approach_queue"": 1.0, ""exit_competition"": -0.25, ""maneuver"": 1.0, ""path_conflict"": 1.0, ""remaining_path"": 0.0, ""same_direction_backlog"": 0.0, ""waiting"": 1.0}"
exit_competition,0.0,58.82,54.44,54.16,67.61,59.07,58.7525,"{""approach_queue"": 1.0, ""exit_competition"": 0.0, ""maneuver"": 1.0, ""path_conflict"": 1.0, ""remaining_path"": 0.0, ""same_direction_backlog"": 0.0, ""waiting"": 1.0}"
exit_competition,0.25,58.8975,54.45,54.25,67.78,59.11,58.7525,"{""approach_queue"": 1.0, ""exit_competition"": 0.25, ""maneuver"": 1.0, ""path_conflict"": 1.0, ""remaining_path"": 0.0, ""same_direction_backlog"": 0.0, ""waiting"": 1.0}"
exit_competition,0.5,58.91,54.52,54.23,67.73,59.16,58.7525,"{""approach_queue"": 1.0, ""exit_competition"": 0.5, ""maneuver"": 1.0, ""path_conflict"": 1.0, ""remaining_path"": 0.0, ""same_direction_backlog"": 0.0, ""waiting"": 1.0}"
exit_competition,0.75,58.93,54.68,54.23,67.65,59.16,58.7525,"{""approach_queue"": 1.0, ""exit_competition"": 0.75, ""maneuver"": 1.0, ""path_conflict"": 1.0, ""remaining_path"": 0.0, ""same_direction_backlog"": 0.0, ""waiting"": 1.0}"
exit_competition,1.0,58.8725,54.52,54.22,67.61,59.14,58.7525,"{""approach_queue"": 1.0, ""exit_competition"": 1.0, ""maneuver"": 1.0, ""path_conflict"": 1.0, ""remaining_path"": 0.0, ""same_direction_backlog"": 0.0, ""waiting"": 1.0}"
exit_competition,1.25,58.8825,54.53,54.26,67.6,59.14,58.7525,"{""approach_queue"": 1.0, ""exit_competition"": 1.25, ""maneuver"": 1.0, ""path_conflict"": 1.0, ""remaining_path"": 0.0, ""same_direction_backlog"": 0.0, ""waiting"": 1.0}"
exit_competition,1.5,58.8875,54.53,54.28,67.6,59.14,58.7525,"{""approach_queue"": 1.0, ""exit_competition"": 1.5, ""maneuver"": 1.0, ""path_conflict"": 1.0, ""remaining_path"": 0.0, ""same_direction_backlog"": 0.0, ""waiting"": 1.0}"
exit_competition,1.75,58.8875,54.53,54.28,67.6,59.14,58.7525,"{""approach_queue"": 1.0, ""exit_competition"": 1.75, ""maneuver"": 1.0, ""path_conflict"": 1.0, ""remaining_path"": 0.0, ""same_direction_backlog"": 0.0, ""waiting"": 1.0}"
exit_competition,2.0,58.8875,54.53,54.28,67.6,59.14,58.7525,"{""approach_queue"": 1.0, ""exit_competition"": 2.0, ""maneuver"": 1.0, ""path_conflict"": 1.0, ""remaining_path"": 0.0, ""same_direction_backlog"": 0.0, ""waiting"": 1.0}"
exit_competition,2.25,58.8875,54.53,54.28,67.6,59.14,58.7525,"{""approach_queue"": 1.0, ""exit_competition"": 2.25, ""maneuver"": 1.0, ""path_conflict"": 1.0, ""remaining_path"": 0.0, ""same_direction_backlog"": 0.0, ""waiting"": 1.0}"
exit_competition,2.5,58.9,54.56,54.3,67.6,59.14,58.7525,"{""approach_queue"": 1.0, ""exit_competition"": 2.5, ""maneuver"": 1.0, ""path_conflict"": 1.0, ""remaining_path"": 0.0, ""same_direction_backlog"": 0.0, ""waiting"": 1.0}"
exit_competition,2.75,58.9,54.56,54.3,67.6,59.14,58.7525,"{""approach_queue"": 1.0, ""exit_competition"": 2.75, ""maneuver"": 1.0, ""path_conflict"": 1.0, ""remaining_path"": 0.0, ""same_direction_backlog"": 0.0, ""waiting"": 1.0}"
exit_competition,3.0,58.9,54.56,54.3,67.6,59.14,58.7525,"{""approach_queue"": 1.0, ""exit_competition"": 3.0, ""maneuver"": 1.0, ""path_conflict"": 1.0, ""remaining_path"": 0.0, ""same_direction_backlog"": 0.0, ""waiting"": 1.0}"
exit_competition,3.25,58.9,54.56,54.3,67.6,59.14,58.7525,"{""approach_queue"": 1.0, ""exit_competition"": 3.25, ""maneuver"": 1.0, ""path_conflict"": 1.0, ""remaining_path"": 0.0, ""same_direction_backlog"": 0.0, ""waiting"": 1.0}"
exit_competition,3.5,58.8875,54.53,54.28,67.6,59.14,58.7525,"{""approach_queue"": 1.0, ""exit_competition"": 3.5, ""maneuver"": 1.0, ""path_conflict"": 1.0, ""remaining_path"": 0.0, ""same_direction_backlog"": 0.0, ""waiting"": 1.0}"
exit_competition,3.75,58.8925,54.53,54.3,67.6,59.14,58.7525,"{""approach_queue"": 1.0, ""exit_competition"": 3.75, ""maneuver"": 1.0, ""path_conflict"": 1.0, ""remaining_path"": 0.0, ""same_direction_backlog"": 0.0, ""waiting"": 1.0}"
exit_competition,4.0,58.8925,54.53,54.3,67.6,59.14,58.7525,"{""approach_queue"": 1.0, ""exit_competition"": 4.0, ""maneuver"": 1.0, ""path_conflict"": 1.0, ""remaining_path"": 0.0, ""same_direction_backlog"": 0.0, ""waiting"": 1.0}"
exit_competition,4.25,58.8925,54.53,54.3,67.6,59.14,58.7525,"{""approach_queue"": 1.0, ""exit_competition"": 4.25, ""maneuver"": 1.0, ""path_conflict"": 1.0, ""remaining_path"": 0.0, ""same_direction_backlog"": 0.0, ""waiting"": 1.0}"
exit_competition,4.5,58.8925,54.53,54.3,67.6,59.14,58.7525,"{""approach_queue"": 1.0, ""exit_competition"": 4.5, ""maneuver"": 1.0, ""path_conflict"": 1.0, ""remaining_path"": 0.0, ""same_direction_backlog"": 0.0, ""waiting"": 1.0}"
exit_competition,4.75,58.8925,54.53,54.3,67.6,59.14,58.7525,"{""approach_queue"": 1.0, ""exit_competition"": 4.75, ""maneuver"": 1.0, ""path_conflict"": 1.0, ""remaining_path"": 0.0, ""same_direction_backlog"": 0.0, ""waiting"": 1.0}"
exit_competition,5.0,58.8925,54.53,54.3,67.6,59.14,58.7525,"{""approach_queue"": 1.0, ""exit_competition"": 5.0, ""maneuver"": 1.0, ""path_conflict"": 1.0, ""remaining_path"": 0.0, ""same_direction_backlog"": 0.0, ""waiting"": 1.0}"
exit_competition,5.25,58.8925,54.53,54.3,67.6,59.14,58.7525,"{""approach_queue"": 1.0, ""exit_competition"": 5.25, ""maneuver"": 1.0, ""path_conflict"": 1.0, ""remaining_path"": 0.0, ""same_direction_backlog"": 0.0, ""waiting"": 1.0}"
exit_competition,5.5,58.8925,54.53,54.3,67.6,59.14,58.7525,"{""approach_queue"": 1.0, ""exit_competition"": 5.5, ""maneuver"": 1.0, ""path_conflict"": 1.0, ""remaining_path"": 0.0, ""same_direction_backlog"": 0.0, ""waiting"": 1.0}"
exit_competition,5.75,58.8925,54.53,54.3,67.6,59.14,58.7525,"{""approach_queue"": 1.0, ""exit_competition"": 5.75, ""maneuver"": 1.0, ""path_conflict"": 1.0, ""remaining_path"": 0.0, ""same_direction_backlog"": 0.0, ""waiting"": 1.0}"
exit_competition,6.0,58.8925,54.53,54.3,67.6,59.14,58.7525,"{""approach_queue"": 1.0, ""exit_competition"": 6.0, ""maneuver"": 1.0, ""path_conflict"": 1.0, ""remaining_path"": 0.0, ""same_direction_backlog"": 0.0, ""waiting"": 1.0}"
exit_competition,6.25,58.8925,54.53,54.3,67.6,59.14,58.7525,"{""approach_queue"": 1.0, ""exit_competition"": 6.25, ""maneuver"": 1.0, ""path_conflict"": 1.0, ""remaining_path"": 0.0, ""same_direction_backlog"": 0.0, ""waiting"": 1.0}"
exit_competition,6.5,58.8925,54.53,54.3,67.6,59.14,58.7525,"{""approach_queue"": 1.0, ""exit_competition"": 6.5, ""maneuver"": 1.0, ""path_conflict"": 1.0, ""remaining_path"": 0.0, ""same_direction_backlog"": 0.0, ""waiting"": 1.0}"
exit_competition,6.75,58.8925,54.53,54.3,67.6,59.14,58.7525,"{""approach_queue"": 1.0, ""exit_competition"": 6.75, ""maneuver"": 1.0, ""path_conflict"": 1.0, ""remaining_path"": 0.0, ""same_direction_backlog"": 0.0, ""waiting"": 1.0}"
exit_competition,7.0,58.8925,54.53,54.3,67.6,59.14,58.7525,"{""approach_queue"": 1.0, ""exit_competition"": 7.0, ""maneuver"": 1.0, ""path_conflict"": 1.0, ""remaining_path"": 0.0, ""same_direction_backlog"": 0.0, ""waiting"": 1.0}"
exit_competition,7.25,58.8925,54.53,54.3,67.6,59.14,58.7525,"{""approach_queue"": 1.0, ""exit_competition"": 7.25, ""maneuver"": 1.0, ""path_conflict"": 1.0, ""remaining_path"": 0.0, ""same_direction_backlog"": 0.0, ""waiting"": 1.0}"
exit_competition,7.5,58.8875,54.53,54.28,67.6,59.14,58.7525,"{""approach_queue"": 1.0, ""exit_competition"": 7.5, ""maneuver"": 1.0, ""path_conflict"": 1.0, ""remaining_path"": 0.0, ""same_direction_backlog"": 0.0, ""waiting"": 1.0}"
exit_competition,7.75,58.8875,54.53,54.28,67.6,59.14,58.7525,"{""approach_queue"": 1.0, ""exit_competition"": 7.75, ""maneuver"": 1.0, ""path_conflict"": 1.0, ""remaining_path"": 0.0, ""same_direction_backlog"": 0.0, ""waiting"": 1.0}"
exit_competition,8.0,58.8875,54.53,54.28,67.6,59.14,58.7525,"{""approach_queue"": 1.0, ""exit_competition"": 8.0, ""maneuver"": 1.0, ""path_conflict"": 1.0, ""remaining_path"": 0.0, ""same_direction_backlog"": 0.0, ""waiting"": 1.0}"
exit_competition,8.25,58.8875,54.53,54.28,67.6,59.14,58.7525,"{""approach_queue"": 1.0, ""exit_competition"": 8.25, ""maneuver"": 1.0, ""path_conflict"": 1.0, ""remaining_path"": 0.0, ""same_direction_backlog"": 0.0, ""waiting"": 1.0}"
exit_competition,8.5,58.8875,54.53,54.28,67.6,59.14,58.7525,"{""approach_queue"": 1.0, ""exit_competition"": 8.5, ""maneuver"": 1.0, ""path_conflict"": 1.0, ""remaining_path"": 0.0, ""same_direction_backlog"": 0.0, ""waiting"": 1.0}"
exit_competition,8.75,58.8875,54.53,54.28,67.6,59.14,58.7525,"{""approach_queue"": 1.0, ""exit_competition"": 8.75, ""maneuver"": 1.0, ""path_conflict"": 1.0, ""remaining_path"": 0.0, ""same_direction_backlog"": 0.0, ""waiting"": 1.0}"
exit_competition,9.0,58.8875,54.53,54.28,67.6,59.14,58.7525,"{""approach_queue"": 1.0, ""exit_competition"": 9.0, ""maneuver"": 1.0, ""path_conflict"": 1.0, ""remaining_path"": 0.0, ""same_direction_backlog"": 0.0, ""waiting"": 1.0}"
exit_competition,9.25,58.8875,54.53,54.28,67.6,59.14,58.7525,"{""approach_queue"": 1.0, ""exit_competition"": 9.25, ""maneuver"": 1.0, ""path_conflict"": 1.0, ""remaining_path"": 0.0, ""same_direction_backlog"": 0.0, ""waiting"": 1.0}"
exit_competition,9.5,58.8875,54.53,54.28,67.6,59.14,58.7525,"{""approach_queue"": 1.0, ""exit_competition"": 9.5, ""maneuver"": 1.0, ""path_conflict"": 1.0, ""remaining_path"": 0.0, ""same_direction_backlog"": 0.0, ""waiting"": 1.0}"
exit_competition,9.75,58.8875,54.53,54.28,67.6,59.14,58.7525,"{""approach_queue"": 1.0, ""exit_competition"": 9.75, ""maneuver"": 1.0, ""path_conflict"": 1.0, ""remaining_path"": 0.0, ""same_direction_backlog"": 0.0, ""waiting"": 1.0}"
exit_competition,10.0,58.8875,54.53,54.28,67.6,59.14,58.7525,"{""approach_queue"": 1.0, ""exit_competition"": 10.0, ""maneuver"": 1.0, ""path_conflict"": 1.0, ""remaining_path"": 0.0, ""same_direction_backlog"": 0.0, ""waiting"": 1.0}"
path_conflict,-10.0,59.6875,55.88,55.67,67.49,59.71,59.6875,"{""approach_queue"": 1.0, ""exit_competition"": 1.0, ""maneuver"": 1.0, ""path_conflict"": -10.0, ""remaining_path"": 0.0, ""same_direction_backlog"": 0.0, ""waiting"": 1.0}"
path_conflict,-9.75,59.6875,55.88,55.67,67.49,59.71,59.6875,"{""approach_queue"": 1.0, ""exit_competition"": 1.0, ""maneuver"": 1.0, ""path_conflict"": -9.75, ""remaining_path"": 0.0, ""same_direction_backlog"": 0.0, ""waiting"": 1.0}"
path_conflict,-9.5,59.6875,55.88,55.67,67.49,59.71,59.6875,"{""approach_queue"": 1.0, ""exit_competition"": 1.0, ""maneuver"": 1.0, ""path_conflict"": -9.5, ""remaining_path"": 0.0, ""same_direction_backlog"": 0.0, ""waiting"": 1.0}"
path_conflict,-9.25,59.6875,55.88,55.67,67.49,59.71,59.6875,"{""approach_queue"": 1.0, ""exit_competition"": 1.0, ""maneuver"": 1.0, ""path_conflict"": -9.25, ""remaining_path"": 0.0, ""same_direction_backlog"": 0.0, ""waiting"": 1.0}"
path_conflict,-9.0,59.6875,55.88,55.67,67.49,59.71,59.6875,"{""approach_queue"": 1.0, ""exit_competition"": 1.0, ""maneuver"": 1.0, ""path_conflict"": -9.0, ""remaining_path"": 0.0, ""same_direction_backlog"": 0.0, ""waiting"": 1.0}"
path_conflict,-8.75,59.6875,55.88,55.67,67.49,59.71,59.6875,"{""approach_queue"": 1.0, ""exit_competition"": 1.0, ""maneuver"": 1.0, ""path_conflict"": -8.75, ""remaining_path"": 0.0, ""same_direction_backlog"": 0.0, ""waiting"": 1.0}"
path_conflict,-8.5,59.6875,55.88,55.67,67.49,59.71,59.6875,"{""approach_queue"": 1.0, ""exit_competition"": 1.0, ""maneuver"": 1.0, ""path_conflict"": -8.5, ""remaining_path"": 0.0, ""same_direction_backlog"": 0.0, ""waiting"": 1.0}"
path_conflict,-8.25,59.6875,55.88,55.67,67.49,59.71,59.6875,"{""approach_queue"": 1.0, ""exit_competition"": 1.0, ""maneuver"": 1.0, ""path_conflict"": -8.25, ""remaining_path"": 0.0, ""same_direction_backlog"": 0.0, ""waiting"": 1.0}"
path_conflict,-8.0,59.6875,55.88,55.67,67.49,59.71,59.6875,"{""approach_queue"": 1.0, ""exit_competition"": 1.0, ""maneuver"": 1.0, ""path_conflict"": -8.0, ""remaining_path"": 0.0, ""same_direction_backlog"": 0.0, ""waiting"": 1.0}"
path_conflict,-7.75,59.6875,55.88,55.67,67.49,59.71,59.6875,"{""approach_queue"": 1.0, ""exit_competition"": 1.0, ""maneuver"": 1.0, ""path_conflict"": -7.75, ""remaining_path"": 0.0, ""same_direction_backlog"": 0.0, ""waiting"": 1.0}"
path_conflict,-7.5,59.6875,55.88,55.67,67.49,59.71,59.6875,"{""approach_queue"": 1.0, ""exit_competition"": 1.0, ""maneuver"": 1.0, ""path_conflict"": -7.5, ""remaining_path"": 0.0, ""same_direction_backlog"": 0.0, ""waiting"": 1.0}"
path_conflict,-7.25,59.6875,55.88,55.67,67.49,59.71,59.6875,"{""approach_queue"": 1.0, ""exit_competition"": 1.0, ""maneuver"": 1.0, ""path_conflict"": -7.25, ""remaining_path"": 0.0, ""same_direction_backlog"": 0.0, ""waiting"": 1.0}"
path_conflict,-7.0,59.6875,55.88,55.67,67.49,59.71,59.6875,"{""approach_queue"": 1.0, ""exit_competition"": 1.0, ""maneuver"": 1.0, ""path_conflict"": -7.0, ""remaining_path"": 0.0, ""same_direction_backlog"": 0.0, ""waiting"": 1.0}"
path_conflict,-6.75,59.6875,55.88,55.67,67.49,59.71,59.6875,"{""approach_queue"": 1.0, ""exit_competition"": 1.0, ""maneuver"": 1.0, ""path_conflict"": -6.75, ""remaining_path"": 0.0, ""same_direction_backlog"": 0.0, ""waiting"": 1.0}"
path_conflict,-6.5,59.6875,55.88,55.67,67.49,59.71,59.6875,"{""approach_queue"": 1.0, ""exit_competition"": 1.0, ""maneuver"": 1.0, ""path_conflict"": -6.5, ""remaining_path"": 0.0, ""same_direction_backlog"": 0.0, ""waiting"": 1.0}"
path_conflict,-6.25,59.6875,55.88,55.67,67.49,59.71,59.6875,"{""approach_queue"": 1.0, ""exit_competition"": 1.0, ""maneuver"": 1.0, ""path_conflict"": -6.25, ""remaining_path"": 0.0, ""same_direction_backlog"": 0.0, ""waiting"": 1.0}"
path_conflict,-6.0,59.6875,55.88,55.67,67.49,59.71,59.6875,"{""approach_queue"": 1.0, ""exit_competition"": 1.0, ""maneuver"": 1.0, ""path_conflict"": -6.0, ""remaining_path"": 0.0, ""same_direction_backlog"": 0.0, ""waiting"": 1.0}"
path_conflict,-5.75,59.6875,55.88,55.67,67.49,59.71,59.6875,"{""approach_queue"": 1.0, ""exit_competition"": 1.0, ""maneuver"": 1.0, ""path_conflict"": -5.75, ""remaining_path"": 0.0, ""same_direction_backlog"": 0.0, ""waiting"": 1.0}"
path_conflict,-5.5,59.6875,55.88,55.67,67.49,59.71,59.6875,"{""approach_queue"": 1.0, ""exit_competition"": 1.0, ""maneuver"": 1.0, ""path_conflict"": -5.5, ""remaining_path"": 0.0, ""same_direction_backlog"": 0.0, ""waiting"": 1.0}"
path_conflict,-5.25,59.6875,55.88,55.67,67.49,59.71,59.6875,"{""approach_queue"": 1.0, ""exit_competition"": 1.0, ""maneuver"": 1.0, ""path_conflict"": -5.25, ""remaining_path"": 0.0, ""same_direction_backlog"": 0.0, ""waiting"": 1.0}"
path_conflict,-5.0,59.6875,55.88,55.67,67.49,59.71,59.6875,"{""approach_queue"": 1.0, ""exit_competition"": 1.0, ""maneuver"": 1.0, ""path_conflict"": -5.0, ""remaining_path"": 0.0, ""same_direction_backlog"": 0.0, ""waiting"": 1.0}"
path_conflict,-4.75,59.6875,55.88,55.67,67.49,59.71,59.6875,"{""approach_queue"": 1.0, ""exit_competition"": 1.0, ""maneuver"": 1.0, ""path_conflict"": -4.75, ""remaining_path"": 0.0, ""same_direction_backlog"": 0.0, ""waiting"": 1.0}"
path_conflict,-4.5,59.685,55.88,55.67,67.49,59.7,59.685,"{""approach_queue"": 1.0, ""exit_competition"": 1.0, ""maneuver"": 1.0, ""path_conflict"": -4.5, ""remaining_path"": 0.0, ""same_direction_backlog"": 0.0, ""waiting"": 1.0}"
path_conflict,-4.25,59.6775,55.88,55.67,67.49,59.67,59.6775,"{""approach_queue"": 1.0, ""exit_competition"": 1.0, ""maneuver"": 1.0, ""path_conflict"": -4.25, ""remaining_path"": 0.0, ""same_direction_backlog"": 0.0, ""waiting"": 1.0}"
path_conflict,-4.0,59.68,55.88,55.67,67.5,59.67,59.6775,"{""approach_queue"": 1.0, ""exit_competition"": 1.0, ""maneuver"": 1.0, ""path_conflict"": -4.0, ""remaining_path"": 0.0, ""same_direction_backlog"": 0.0, ""waiting"": 1.0}"
path_conflict,-3.75,59.68,55.88,55.67,67.5,59.67,59.6775,"{""approach_queue"": 1.0, ""exit_competition"": 1.0, ""maneuver"": 1.0, ""path_conflict"": -3.75, ""remaining_path"": 0.0, ""same_direction_backlog"": 0.0, ""waiting"": 1.0}"
path_conflict,-3.5,59.68,55.88,55.67,67.5,59.67,59.6775,"{""approach_queue"": 1.0, ""exit_competition"": 1.0, ""maneuver"": 1.0, ""path_conflict"": -3.5, ""remaining_path"": 0.0, ""same_direction_backlog"": 0.0, ""waiting"": 1.0}"
path_conflict,-3.25,59.68,55.88,55.67,67.5,59.67,59.6775,"{""approach_queue"": 1.0, ""exit_competition"": 1.0, ""maneuver"": 1.0, ""path_conflict"": -3.25, ""remaining_path"": 0.0, ""same_direction_backlog"": 0.0, ""waiting"": 1.0}"
path_conflict,-3.0,59.68,55.88,55.67,67.5,59.67,59.6775,"{""approach_queue"": 1.0, ""exit_competition"": 1.0, ""maneuver"": 1.0, ""path_conflict"": -3.0, ""remaining_path"": 0.0, ""same_direction_backlog"": 0.0, ""waiting"": 1.0}"
path_conflict,-2.75,59.68,55.88,55.67,67.5,59.67,59.6775,"{""approach_queue"": 1.0, ""exit_competition"": 1.0, ""maneuver"": 1.0, ""path_conflict"": -2.75, ""remaining_path"": 0.0, ""same_direction_backlog"": 0.0, ""waiting"": 1.0}"
path_conflict,-2.5,59.68,55.88,55.67,67.5,59.67,59.6775,"{""approach_queue"": 1.0, ""exit_competition"": 1.0, ""maneuver"": 1.0, ""path_conflict"": -2.5, ""remaining_path"": 0.0, ""same_direction_backlog"": 0.0, ""waiting"": 1.0}"
path_conflict,-2.25,59.68,55.88,55.67,67.5,59.67,59.6775,"{""approach_queue"": 1.0, ""exit_competition"": 1.0, ""maneuver"": 1.0, ""path_conflict"": -2.25, ""remaining_path"": 0.0, ""same_direction_backlog"": 0.0, ""waiting"": 1.0}"
path_conflict,-2.0,59.6775,55.9,55.65,67.49,59.67,59.6775,"{""approach_queue"": 1.0, ""exit_competition"": 1.0, ""maneuver"": 1.0, ""path_conflict"": -2.0, ""remaining_path"": 0.0, ""same_direction_backlog"": 0.0, ""waiting"": 1.0}"
path_conflict,-1.75,59.685,55.93,55.65,67.49,59.67,59.6775,"{""approach_queue"": 1.0, ""exit_competition"": 1.0, ""maneuver"": 1.0, ""path_conflict"": -1.75, ""remaining_path"": 0.0, ""same_direction_backlog"": 0.0, ""waiting"": 1.0}"
path_conflict,-1.5,59.665,55.95,55.59,67.46,59.66,59.665,"{""approach_queue"": 1.0, ""exit_competition"": 1.0, ""maneuver"": 1.0, ""path_conflict"": -1.5, ""remaining_path"": 0.0, ""same_direction_backlog"": 0.0, ""waiting"": 1.0}"
path_conflict,-1.25,59.6575,55.95,55.55,67.46,59.67,59.6575,"{""approach_queue"": 1.0, ""exit_competition"": 1.0, ""maneuver"": 1.0, ""path_conflict"": -1.25, ""remaining_path"": 0.0, ""same_direction_backlog"": 0.0, ""waiting"": 1.0}"
path_conflict,-1.0,59.485,55.62,55.3,67.41,59.61,59.485,"{""approach_queue"": 1.0, ""exit_competition"": 1.0, ""maneuver"": 1.0, ""path_conflict"": -1.0, ""remaining_path"": 0.0, ""same_direction_backlog"": 0.0, ""waiting"": 1.0}"
path_conflict,-0.75,59.485,55.62,55.35,67.53,59.44,59.485,"{""approach_queue"": 1.0, ""exit_competition"": 1.0, ""maneuver"": 1.0, ""path_conflict"": -0.75, ""remaining_path"": 0.0, ""same_direction_backlog"": 0.0, ""waiting"": 1.0}"
path_conflict,-0.5,59.4425,55.54,55.26,67.53,59.44,59.4425,"{""approach_queue"": 1.0, ""exit_competition"": 1.0, ""maneuver"": 1.0, ""path_conflict"": -0.5, ""remaining_path"": 0.0, ""same_direction_backlog"": 0.0, ""waiting"": 1.0}"
path_conflict,-0.25,59.44,55.56,55.25,67.51,59.44,59.44,"{""approach_queue"": 1.0, ""exit_competition"": 1.0, ""maneuver"": 1.0, ""path_conflict"": -0.25, ""remaining_path"": 0.0, ""same_direction_backlog"": 0.0, ""waiting"": 1.0}"
path_conflict,0.0,59.0575,54.75,54.55,67.67,59.26,59.0575,"{""approach_queue"": 1.0, ""exit_competition"": 1.0, ""maneuver"": 1.0, ""path_conflict"": 0.0, ""remaining_path"": 0.0, ""same_direction_backlog"": 0.0, ""waiting"": 1.0}"
path_conflict,0.25,59.0275,54.63,54.57,67.71,59.2,59.0275,"{""approach_queue"": 1.0, ""exit_competition"": 1.0, ""maneuver"": 1.0, ""path_conflict"": 0.25, ""remaining_path"": 0.0, ""same_direction_backlog"": 0.0, ""waiting"": 1.0}"
path_conflict,0.5,59.015,54.63,54.44,67.8,59.19,59.015,"{""approach_queue"": 1.0, ""exit_competition"": 1.0, ""maneuver"": 1.0, ""path_conflict"": 0.5, ""remaining_path"": 0.0, ""same_direction_backlog"": 0.0, ""waiting"": 1.0}"
path_conflict,0.75,58.9925,54.61,54.4,67.79,59.17,58.9925,"{""approach_queue"": 1.0, ""exit_competition"": 1.0, ""maneuver"": 1.0, ""path_conflict"": 0.75, ""remaining_path"": 0.0, ""same_direction_backlog"": 0.0, ""waiting"": 1.0}"
path_conflict,1.0,58.8725,54.52,54.22,67.61,59.14,58.8725,"{""approach_queue"": 1.0, ""exit_competition"": 1.0, ""maneuver"": 1.0, ""path_conflict"": 1.0, ""remaining_path"": 0.0, ""same_direction_backlog"": 0.0, ""waiting"": 1.0}"
path_conflict,1.25,58.925,54.57,54.32,67.67,59.14,58.8725,"{""approach_queue"": 1.0, ""exit_competition"": 1.0, ""maneuver"": 1.0, ""path_conflict"": 1.25, ""remaining_path"": 0.0, ""same_direction_backlog"": 0.0, ""waiting"": 1.0}"
path_conflict,1.5,58.9125,54.63,54.22,67.83,58.97,58.8725,"{""approach_queue"": 1.0, ""exit_competition"": 1.0, ""maneuver"": 1.0, ""path_conflict"": 1.5, ""remaining_path"": 0.0, ""same_direction_backlog"": 0.0, ""waiting"": 1.0}"
path_conflict,1.75,58.9025,54.55,54.27,67.88,58.91,58.8725,"{""approach_queue"": 1.0, ""exit_competition"": 1.0, ""maneuver"": 1.0, ""path_conflict"": 1.75, ""remaining_path"": 0.0, ""same_direction_backlog"": 0.0, ""waiting"": 1.0}"
path_conflict,2.0,58.92,54.54,54.3,67.91,58.93,58.8725,"{""approach_queue"": 1.0, ""exit_competition"": 1.0, ""maneuver"": 1.0, ""path_conflict"": 2.0, ""remaining_path"": 0.0, ""same_direction_backlog"": 0.0, ""waiting"": 1.0}"
path_conflict,2.25,58.96,54.56,54.32,68.02,58.94,58.8725,"{""approach_queue"": 1.0, ""exit_competition"": 1.0, ""maneuver"": 1.0, ""path_conflict"": 2.25, ""remaining_path"": 0.0, ""same_direction_backlog"": 0.0, ""waiting"": 1.0}"
path_conflict,2.5,58.945,54.45,54.3,68.15,58.88,58.8725,"{""approach_queue"": 1.0, ""exit_competition"": 1.0, ""maneuver"": 1.0, ""path_conflict"": 2.5, ""remaining_path"": 0.0, ""same_direction_backlog"": 0.0, ""waiting"": 1.0}"
path_conflict,2.75,58.93,54.36,54.28,68.2,58.88,58.8725,"{""approach_queue"": 1.0, ""exit_competition"": 1.0, ""maneuver"": 1.0, ""path_conflict"": 2.75, ""remaining_path"": 0.0, ""same_direction_backlog"": 0.0, ""waiting"": 1.0}"
path_conflict,3.0,58.9575,54.36,54.32,68.27,58.88,58.8725,"{""approach_queue"": 1.0, ""exit_competition"": 1.0, ""maneuver"": 1.0, ""path_conflict"": 3.0, ""remaining_path"": 0.0, ""same_direction_backlog"": 0.0, ""waiting"": 1.0}"
path_conflict,3.25,59.065,54.58,54.3,68.44,58.94,58.8725,"{""approach_queue"": 1.0, ""exit_competition"": 1.0, ""maneuver"": 1.0, ""path_conflict"": 3.25, ""remaining_path"": 0.0, ""same_direction_backlog"": 0.0, ""waiting"": 1.0}"
path_conflict,3.5,59.0475,54.54,54.27,68.44,58.94,58.8725,"{""approach_queue"": 1.0, ""exit_competition"": 1.0, ""maneuver"": 1.0, ""path_conflict"": 3.5, ""remaining_path"": 0.0, ""same_direction_backlog"": 0.0, ""waiting"": 1.0}"
path_conflict,3.75,59.0825,54.59,54.36,68.44,58.94,58.8725,"{""approach_queue"": 1.0, ""exit_competition"": 1.0, ""maneuver"": 1.0, ""path_conflict"": 3.75, ""remaining_path"": 0.0, ""same_direction_backlog"": 0.0, ""waiting"": 1.0}"
path_conflict,4.0,59.08,54.55,54.4,68.46,58.91,58.8725,"{""approach_queue"": 1.0, ""exit_competition"": 1.0, ""maneuver"": 1.0, ""path_conflict"": 4.0, ""remaining_path"": 0.0, ""same_direction_backlog"": 0.0, ""waiting"": 1.0}"
path_conflict,4.25,59.1575,54.7,54.5,68.51,58.92,58.8725,"{""approach_queue"": 1.0, ""exit_competition"": 1.0, ""maneuver"": 1.0, ""path_conflict"": 4.25, ""remaining_path"": 0.0, ""same_direction_backlog"": 0.0, ""waiting"": 1.0}"
path_conflict,4.5,59.19,54.85,54.48,68.51,58.92,58.8725,"{""approach_queue"": 1.0, ""exit_competition"": 1.0, ""maneuver"": 1.0, ""path_conflict"": 4.5, ""remaining_path"": 0.0, ""same_direction_backlog"": 0.0, ""waiting"": 1.0}"
path_conflict,4.75,59.185,54.83,54.6,68.52,58.79,58.8725,"{""approach_queue"": 1.0, ""exit_competition"": 1.0, ""maneuver"": 1.0, ""path_conflict"": 4.75, ""remaining_path"": 0.0, ""same_direction_backlog"": 0.0, ""waiting"": 1.0}"
path_conflict,5.0,59.1775,54.81,54.59,68.52,58.79,58.8725,"{""approach_queue"": 1.0, ""exit_competition"": 1.0, ""maneuver"": 1.0, ""path_conflict"": 5.0, ""remaining_path"": 0.0, ""same_direction_backlog"": 0.0, ""waiting"": 1.0}"
path_conflict,5.25,59.1925,54.81,54.64,68.52,58.8,58.8725,"{""approach_queue"": 1.0, ""exit_competition"": 1.0, ""maneuver"": 1.0, ""path_conflict"": 5.25, ""remaining_path"": 0.0, ""same_direction_backlog"": 0.0, ""waiting"": 1.0}"
path_conflict,5.5,59.2275,54.86,54.71,68.54,58.8,58.8725,"{""approach_queue"": 1.0, ""exit_competition"": 1.0, ""maneuver"": 1.0, ""path_conflict"": 5.5, ""remaining_path"": 0.0, ""same_direction_backlog"": 0.0, ""waiting"": 1.0}"
path_conflict,5.75,59.235,54.88,54.72,68.54,58.8,58.8725,"{""approach_queue"": 1.0, ""exit_competition"": 1.0, ""maneuver"": 1.0, ""path_conflict"": 5.75, ""remaining_path"": 0.0, ""same_direction_backlog"": 0.0, ""waiting"": 1.0}"
path_conflict,6.0,59.2525,54.88,54.75,68.58,58.8,58.8725,"{""approach_queue"": 1.0, ""exit_competition"": 1.0, ""maneuver"": 1.0, ""path_conflict"": 6.0, ""remaining_path"": 0.0, ""same_direction_backlog"": 0.0, ""waiting"": 1.0}"
path_conflict,6.25,59.2325,54.79,54.75,68.57,58.82,58.8725,"{""approach_queue"": 1.0, ""exit_competition"": 1.0, ""maneuver"": 1.0, ""path_conflict"": 6.25, ""remaining_path"": 0.0, ""same_direction_backlog"": 0.0, ""waiting"": 1.0}"
path_conflict,6.5,59.205,54.75,54.75,68.5,58.82,58.8725,"{""approach_queue"": 1.0, ""exit_competition"": 1.0, ""maneuver"": 1.0, ""path_conflict"": 6.5, ""remaining_path"": 0.0, ""same_direction_backlog"": 0.0, ""waiting"": 1.0}"
path_conflict,6.75,59.1825,54.68,54.73,68.5,58.82,58.8725,"{""approach_queue"": 1.0, ""exit_competition"": 1.0, ""maneuver"": 1.0, ""path_conflict"": 6.75, ""remaining_path"": 0.0, ""same_direction_backlog"": 0.0, ""waiting"": 1.0}"
path_conflict,7.0,59.1725,54.64,54.73,68.5,58.82,58.8725,"{""approach_queue"": 1.0, ""exit_competition"": 1.0, ""maneuver"": 1.0, ""path_conflict"": 7.0, ""remaining_path"": 0.0, ""same_direction_backlog"": 0.0, ""waiting"": 1.0}"
path_conflict,7.25,59.1775,54.64,54.75,68.5,58.82,58.8725,"{""approach_queue"": 1.0, ""exit_competition"": 1.0, ""maneuver"": 1.0, ""path_conflict"": 7.25, ""remaining_path"": 0.0, ""same_direction_backlog"": 0.0, ""waiting"": 1.0}"
path_conflict,7.5,59.1775,54.64,54.75,68.5,58.82,58.8725,"{""approach_queue"": 1.0, ""exit_competition"": 1.0, ""maneuver"": 1.0, ""path_conflict"": 7.5, ""remaining_path"": 0.0, ""same_direction_backlog"": 0.0, ""waiting"": 1.0}"
path_conflict,7.75,59.1875,54.62,54.78,68.53,58.82,58.8725,"{""approach_queue"": 1.0, ""exit_competition"": 1.0, ""maneuver"": 1.0, ""path_conflict"": 7.75, ""remaining_path"": 0.0, ""same_direction_backlog"": 0.0, ""waiting"": 1.0}"
path_conflict,8.0,59.1875,54.62,54.78,68.53,58.82,58.8725,"{""approach_queue"": 1.0, ""exit_competition"": 1.0, ""maneuver"": 1.0, ""path_conflict"": 8.0, ""remaining_path"": 0.0, ""same_direction_backlog"": 0.0, ""waiting"": 1.0}"
path_conflict,8.25,59.1875,54.62,54.78,68.53,58.82,58.8725,"{""approach_queue"": 1.0, ""exit_competition"": 1.0, ""maneuver"": 1.0, ""path_conflict"": 8.25, ""remaining_path"": 0.0, ""same_direction_backlog"": 0.0, ""waiting"": 1.0}"
path_conflict,8.5,59.1875,54.62,54.78,68.53,58.82,58.8725,"{""approach_queue"": 1.0, ""exit_competition"": 1.0, ""maneuver"": 1.0, ""path_conflict"": 8.5, ""remaining_path"": 0.0, ""same_direction_backlog"": 0.0, ""waiting"": 1.0}"
path_conflict,8.75,59.1875,54.62,54.78,68.53,58.82,58.8725,"{""approach_queue"": 1.0, ""exit_competition"": 1.0, ""maneuver"": 1.0, ""path_conflict"": 8.75, ""remaining_path"": 0.0, ""same_direction_backlog"": 0.0, ""waiting"": 1.0}"
path_conflict,9.0,59.1875,54.62,54.78,68.53,58.82,58.8725,"{""approach_queue"": 1.0, ""exit_competition"": 1.0, ""maneuver"": 1.0, ""path_conflict"": 9.0, ""remaining_path"": 0.0, ""same_direction_backlog"": 0.0, ""waiting"": 1.0}"
path_conflict,9.25,59.1875,54.62,54.78,68.53,58.82,58.8725,"{""approach_queue"": 1.0, ""exit_competition"": 1.0, ""maneuver"": 1.0, ""path_conflict"": 9.25, ""remaining_path"": 0.0, ""same_direction_backlog"": 0.0, ""waiting"": 1.0}"
path_conflict,9.5,59.1875,54.62,54.78,68.53,58.82,58.8725,"{""approach_queue"": 1.0, ""exit_competition"": 1.0, ""maneuver"": 1.0, ""path_conflict"": 9.5, ""remaining_path"": 0.0, ""same_direction_backlog"": 0.0, ""waiting"": 1.0}"
path_conflict,9.75,59.1875,54.62,54.78,68.53,58.82,58.8725,"{""approach_queue"": 1.0, ""exit_competition"": 1.0, ""maneuver"": 1.0, ""path_conflict"": 9.75, ""remaining_path"": 0.0, ""same_direction_backlog"": 0.0, ""waiting"": 1.0}"
path_conflict,10.0,59.1875,54.62,54.78,68.53,58.82,58.8725,"{""approach_queue"": 1.0, ""exit_competition"": 1.0, ""maneuver"": 1.0, ""path_conflict"": 10.0, ""remaining_path"": 0.0, ""same_direction_backlog"": 0.0, ""waiting"": 1.0}"
approach_queue,-10.0,58.8725,54.52,54.22,67.61,59.14,58.8725,"{""approach_queue"": -10.0, ""exit_competition"": 1.0, ""maneuver"": 1.0, ""path_conflict"": 1.0, ""remaining_path"": 0.0, ""same_direction_backlog"": 0.0, ""waiting"": 1.0}"
approach_queue,-9.75,58.8725,54.52,54.22,67.61,59.14,58.8725,"{""approach_queue"": -9.75, ""exit_competition"": 1.0, ""maneuver"": 1.0, ""path_conflict"": 1.0, ""remaining_path"": 0.0, ""same_direction_backlog"": 0.0, ""waiting"": 1.0}"
approach_queue,-9.5,58.8725,54.52,54.22,67.61,59.14,58.8725,"{""approach_queue"": -9.5, ""exit_competition"": 1.0, ""maneuver"": 1.0, ""path_conflict"": 1.0, ""remaining_path"": 0.0, ""same_direction_backlog"": 0.0, ""waiting"": 1.0}"
approach_queue,-9.25,58.8725,54.52,54.22,67.61,59.14,58.8725,"{""approach_queue"": -9.25, ""exit_competition"": 1.0, ""maneuver"": 1.0, ""path_conflict"": 1.0, ""remaining_path"": 0.0, ""same_direction_backlog"": 0.0, ""waiting"": 1.0}"
approach_queue,-9.0,58.8725,54.52,54.22,67.61,59.14,58.8725,"{""approach_queue"": -9.0, ""exit_competition"": 1.0, ""maneuver"": 1.0, ""path_conflict"": 1.0, ""remaining_path"": 0.0, ""same_direction_backlog"": 0.0, ""waiting"": 1.0}"
approach_queue,-8.75,58.8725,54.52,54.22,67.61,59.14,58.8725,"{""approach_queue"": -8.75, ""exit_competition"": 1.0, ""maneuver"": 1.0, ""path_conflict"": 1.0, ""remaining_path"": 0.0, ""same_direction_backlog"": 0.0, ""waiting"": 1.0}"
approach_queue,-8.5,58.8725,54.52,54.22,67.61,59.14,58.8725,"{""approach_queue"": -8.5, ""exit_competition"": 1.0, ""maneuver"": 1.0, ""path_conflict"": 1.0, ""remaining_path"": 0.0, ""same_direction_backlog"": 0.0, ""waiting"": 1.0}"
approach_queue,-8.25,58.8725,54.52,54.22,67.61,59.14,58.8725,"{""approach_queue"": -8.25, ""exit_competition"": 1.0, ""maneuver"": 1.0, ""path_conflict"": 1.0, ""remaining_path"": 0.0, ""same_direction_backlog"": 0.0, ""waiting"": 1.0}"
approach_queue,-8.0,58.8725,54.52,54.22,67.61,59.14,58.8725,"{""approach_queue"": -8.0, ""exit_competition"": 1.0, ""maneuver"": 1.0, ""path_conflict"": 1.0, ""remaining_path"": 0.0, ""same_direction_backlog"": 0.0, ""waiting"": 1.0}"
approach_queue,-7.75,58.8725,54.52,54.22,67.61,59.14,58.8725,"{""approach_queue"": -7.75, ""exit_competition"": 1.0, ""maneuver"": 1.0, ""path_conflict"": 1.0, ""remaining_path"": 0.0, ""same_direction_backlog"": 0.0, ""waiting"": 1.0}"
approach_queue,-7.5,58.8725,54.52,54.22,67.61,59.14,58.8725,"{""approach_queue"": -7.5, ""exit_competition"": 1.0, ""maneuver"": 1.0, ""path_conflict"": 1.0, ""remaining_path"": 0.0, ""same_direction_backlog"": 0.0, ""waiting"": 1.0}"
approach_queue,-7.25,58.8725,54.52,54.22,67.61,59.14,58.8725,"{""approach_queue"": -7.25, ""exit_competition"": 1.0, ""maneuver"": 1.0, ""path_conflict"": 1.0, ""remaining_path"": 0.0, ""same_direction_backlog"": 0.0, ""waiting"": 1.0}"
approach_queue,-7.0,58.8725,54.52,54.22,67.61,59.14,58.8725,"{""approach_queue"": -7.0, ""exit_competition"": 1.0, ""maneuver"": 1.0, ""path_conflict"": 1.0, ""remaining_path"": 0.0, ""same_direction_backlog"": 0.0, ""waiting"": 1.0}"
approach_queue,-6.75,58.8725,54.52,54.22,67.61,59.14,58.8725,"{""approach_queue"": -6.75, ""exit_competition"": 1.0, ""maneuver"": 1.0, ""path_conflict"": 1.0, ""remaining_path"": 0.0, ""same_direction_backlog"": 0.0, ""waiting"": 1.0}"
approach_queue,-6.5,58.8725,54.52,54.22,67.61,59.14,58.8725,"{""approach_queue"": -6.5, ""exit_competition"": 1.0, ""maneuver"": 1.0, ""path_conflict"": 1.0, ""remaining_path"": 0.0, ""same_direction_backlog"": 0.0, ""waiting"": 1.0}"
approach_queue,-6.25,58.8725,54.52,54.22,67.61,59.14,58.8725,"{""approach_queue"": -6.25, ""exit_competition"": 1.0, ""maneuver"": 1.0, ""path_conflict"": 1.0, ""remaining_path"": 0.0, ""same_direction_backlog"": 0.0, ""waiting"": 1.0}"
approach_queue,-6.0,58.8725,54.52,54.22,67.61,59.14,58.8725,"{""approach_queue"": -6.0, ""exit_competition"": 1.0, ""maneuver"": 1.0, ""path_conflict"": 1.0, ""remaining_path"": 0.0, ""same_direction_backlog"": 0.0, ""waiting"": 1.0}"
approach_queue,-5.75,58.8725,54.52,54.22,67.61,59.14,58.8725,"{""approach_queue"": -5.75, ""exit_competition"": 1.0, ""maneuver"": 1.0, ""path_conflict"": 1.0, ""remaining_path"": 0.0, ""same_direction_backlog"": 0.0, ""waiting"": 1.0}"
approach_queue,-5.5,58.8725,54.52,54.22,67.61,59.14,58.8725,"{""approach_queue"": -5.5, ""exit_competition"": 1.0, ""maneuver"": 1.0, ""path_conflict"": 1.0, ""remaining_path"": 0.0, ""same_direction_backlog"": 0.0, ""waiting"": 1.0}"
approach_queue,-5.25,58.8725,54.52,54.22,67.61,59.14,58.8725,"{""approach_queue"": -5.25, ""exit_competition"": 1.0, ""maneuver"": 1.0, ""path_conflict"": 1.0, ""remaining_path"": 0.0, ""same_direction_backlog"": 0.0, ""waiting"": 1.0}"
approach_queue,-5.0,58.8725,54.52,54.22,67.61,59.14,58.8725,"{""approach_queue"": -5.0, ""exit_competition"": 1.0, ""maneuver"": 1.0, ""path_conflict"": 1.0, ""remaining_path"": 0.0, ""same_direction_backlog"": 0.0, ""waiting"": 1.0}"
approach_queue,-4.75,58.8725,54.52,54.22,67.61,59.14,58.8725,"{""approach_queue"": -4.75, ""exit_competition"": 1.0, ""maneuver"": 1.0, ""path_conflict"": 1.0, ""remaining_path"": 0.0, ""same_direction_backlog"": 0.0, ""waiting"": 1.0}"
approach_queue,-4.5,58.8725,54.52,54.22,67.61,59.14,58.8725,"{""approach_queue"": -4.5, ""exit_competition"": 1.0, ""maneuver"": 1.0, ""path_conflict"": 1.0, ""remaining_path"": 0.0, ""same_direction_backlog"": 0.0, ""waiting"": 1.0}"
approach_queue,-4.25,58.8725,54.52,54.22,67.61,59.14,58.8725,"{""approach_queue"": -4.25, ""exit_competition"": 1.0, ""maneuver"": 1.0, ""path_conflict"": 1.0, ""remaining_path"": 0.0, ""same_direction_backlog"": 0.0, ""waiting"": 1.0}"
approach_queue,-4.0,58.8725,54.52,54.22,67.61,59.14,58.8725,"{""approach_queue"": -4.0, ""exit_competition"": 1.0, ""maneuver"": 1.0, ""path_conflict"": 1.0, ""remaining_path"": 0.0, ""same_direction_backlog"": 0.0, ""waiting"": 1.0}"
approach_queue,-3.75,58.8725,54.52,54.22,67.61,59.14,58.8725,"{""approach_queue"": -3.75, ""exit_competition"": 1.0, ""maneuver"": 1.0, ""path_conflict"": 1.0, ""remaining_path"": 0.0, ""same_direction_backlog"": 0.0, ""waiting"": 1.0}"
approach_queue,-3.5,58.8725,54.52,54.22,67.61,59.14,58.8725,"{""approach_queue"": -3.5, ""exit_competition"": 1.0, ""maneuver"": 1.0, ""path_conflict"": 1.0, ""remaining_path"": 0.0, ""same_direction_backlog"": 0.0, ""waiting"": 1.0}"
approach_queue,-3.25,58.8725,54.52,54.22,67.61,59.14,58.8725,"{""approach_queue"": -3.25, ""exit_competition"": 1.0, ""maneuver"": 1.0, ""path_conflict"": 1.0, ""remaining_path"": 0.0, ""same_direction_backlog"": 0.0, ""waiting"": 1.0}"
approach_queue,-3.0,58.8725,54.52,54.22,67.61,59.14,58.8725,"{""approach_queue"": -3.0, ""exit_competition"": 1.0, ""maneuver"": 1.0, ""path_conflict"": 1.0, ""remaining_path"": 0.0, ""same_direction_backlog"": 0.0, ""waiting"": 1.0}"
approach_queue,-2.75,58.8725,54.52,54.22,67.61,59.14,58.8725,"{""approach_queue"": -2.75, ""exit_competition"": 1.0, ""maneuver"": 1.0, ""path_conflict"": 1.0, ""remaining_path"": 0.0, ""same_direction_backlog"": 0.0, ""waiting"": 1.0}"
approach_queue,-2.5,58.8725,54.52,54.22,67.61,59.14,58.8725,"{""approach_queue"": -2.5, ""exit_competition"": 1.0, ""maneuver"": 1.0, ""path_conflict"": 1.0, ""remaining_path"": 0.0, ""same_direction_backlog"": 0.0, ""waiting"": 1.0}"
approach_queue,-2.25,58.8725,54.52,54.22,67.61,59.14,58.8725,"{""approach_queue"": -2.25, ""exit_competition"": 1.0, ""maneuver"": 1.0, ""path_conflict"": 1.0, ""remaining_path"": 0.0, ""same_direction_backlog"": 0.0, ""waiting"": 1.0}"
approach_queue,-2.0,58.8725,54.52,54.22,67.61,59.14,58.8725,"{""approach_queue"": -2.0, ""exit_competition"": 1.0, ""maneuver"": 1.0, ""path_conflict"": 1.0, ""remaining_path"": 0.0, ""same_direction_backlog"": 0.0, ""waiting"": 1.0}"
approach_queue,-1.75,58.8725,54.52,54.22,67.61,59.14,58.8725,"{""approach_queue"": -1.75, ""exit_competition"": 1.0, ""maneuver"": 1.0, ""path_conflict"": 1.0, ""remaining_path"": 0.0, ""same_direction_backlog"": 0.0, ""waiting"": 1.0}"
approach_queue,-1.5,58.8725,54.52,54.22,67.61,59.14,58.8725,"{""approach_queue"": -1.5, ""exit_competition"": 1.0, ""maneuver"": 1.0, ""path_conflict"": 1.0, ""remaining_path"": 0.0, ""same_direction_backlog"": 0.0, ""waiting"": 1.0}"
approach_queue,-1.25,58.8725,54.52,54.22,67.61,59.14,58.8725,"{""approach_queue"": -1.25, ""exit_competition"": 1.0, ""maneuver"": 1.0, ""path_conflict"": 1.0, ""remaining_path"": 0.0, ""same_direction_backlog"": 0.0, ""waiting"": 1.0}"
approach_queue,-1.0,58.8725,54.52,54.22,67.61,59.14,58.8725,"{""approach_queue"": -1.0, ""exit_competition"": 1.0, ""maneuver"": 1.0, ""path_conflict"": 1.0, ""remaining_path"": 0.0, ""same_direction_backlog"": 0.0, ""waiting"": 1.0}"
approach_queue,-0.75,58.8725,54.52,54.22,67.61,59.14,58.8725,"{""approach_queue"": -0.75, ""exit_competition"": 1.0, ""maneuver"": 1.0, ""path_conflict"": 1.0, ""remaining_path"": 0.0, ""same_direction_backlog"": 0.0, ""waiting"": 1.0}"
approach_queue,-0.5,58.8725,54.52,54.22,67.61,59.14,58.8725,"{""approach_queue"": -0.5, ""exit_competition"": 1.0, ""maneuver"": 1.0, ""path_conflict"": 1.0, ""remaining_path"": 0.0, ""same_direction_backlog"": 0.0, ""waiting"": 1.0}"
approach_queue,-0.25,58.8725,54.52,54.22,67.61,59.14,58.8725,"{""approach_queue"": -0.25, ""exit_competition"": 1.0, ""maneuver"": 1.0, ""path_conflict"": 1.0, ""remaining_path"": 0.0, ""same_direction_backlog"": 0.0, ""waiting"": 1.0}"
approach_queue,0.0,58.8725,54.52,54.22,67.61,59.14,58.8725,"{""approach_queue"": 0.0, ""exit_competition"": 1.0, ""maneuver"": 1.0, ""path_conflict"": 1.0, ""remaining_path"": 0.0, ""same_direction_backlog"": 0.0, ""waiting"": 1.0}"
approach_queue,0.25,58.8725,54.52,54.22,67.61,59.14,58.8725,"{""approach_queue"": 0.25, ""exit_competition"": 1.0, ""maneuver"": 1.0, ""path_conflict"": 1.0, ""remaining_path"": 0.0, ""same_direction_backlog"": 0.0, ""waiting"": 1.0}"
approach_queue,0.5,58.8725,54.52,54.22,67.61,59.14,58.8725,"{""approach_queue"": 0.5, ""exit_competition"": 1.0, ""maneuver"": 1.0, ""path_conflict"": 1.0, ""remaining_path"": 0.0, ""same_direction_backlog"": 0.0, ""waiting"": 1.0}"
approach_queue,0.75,58.8725,54.52,54.22,67.61,59.14,58.8725,"{""approach_queue"": 0.75, ""exit_competition"": 1.0, ""maneuver"": 1.0, ""path_conflict"": 1.0, ""remaining_path"": 0.0, ""same_direction_backlog"": 0.0, ""waiting"": 1.0}"
approach_queue,1.0,58.8725,54.52,54.22,67.61,59.14,58.8725,"{""approach_queue"": 1.0, ""exit_competition"": 1.0, ""maneuver"": 1.0, ""path_conflict"": 1.0, ""remaining_path"": 0.0, ""same_direction_backlog"": 0.0, ""waiting"": 1.0}"
approach_queue,1.25,58.8725,54.52,54.22,67.61,59.14,58.8725,"{""approach_queue"": 1.25, ""exit_competition"": 1.0, ""maneuver"": 1.0, ""path_conflict"": 1.0, ""remaining_path"": 0.0, ""same_direction_backlog"": 0.0, ""waiting"": 1.0}"
approach_queue,1.5,58.8725,54.52,54.22,67.61,59.14,58.8725,"{""approach_queue"": 1.5, ""exit_competition"": 1.0, ""maneuver"": 1.0, ""path_conflict"": 1.0, ""remaining_path"": 0.0, ""same_direction_backlog"": 0.0, ""waiting"": 1.0}"
approach_queue,1.75,58.8725,54.52,54.22,67.61,59.14,58.8725,"{""approach_queue"": 1.75, ""exit_competition"": 1.0, ""maneuver"": 1.0, ""path_conflict"": 1.0, ""remaining_path"": 0.0, ""same_direction_backlog"": 0.0, ""waiting"": 1.0}"
approach_queue,2.0,58.8725,54.52,54.22,67.61,59.14,58.8725,"{""approach_queue"": 2.0, ""exit_competition"": 1.0, ""maneuver"": 1.0, ""path_conflict"": 1.0, ""remaining_path"": 0.0, ""same_direction_backlog"": 0.0, ""waiting"": 1.0}"
approach_queue,2.25,58.8725,54.52,54.22,67.61,59.14,58.8725,"{""approach_queue"": 2.25, ""exit_competition"": 1.0, ""maneuver"": 1.0, ""path_conflict"": 1.0, ""remaining_path"": 0.0, ""same_direction_backlog"": 0.0, ""waiting"": 1.0}"
approach_queue,2.5,58.8725,54.52,54.22,67.61,59.14,58.8725,"{""approach_queue"": 2.5, ""exit_competition"": 1.0, ""maneuver"": 1.0, ""path_conflict"": 1.0, ""remaining_path"": 0.0, ""same_direction_backlog"": 0.0, ""waiting"": 1.0}"
approach_queue,2.75,58.8725,54.52,54.22,67.61,59.14,58.8725,"{""approach_queue"": 2.75, ""exit_competition"": 1.0, ""maneuver"": 1.0, ""path_conflict"": 1.0, ""remaining_path"": 0.0, ""same_direction_backlog"": 0.0, ""waiting"": 1.0}"
approach_queue,3.0,58.8725,54.52,54.22,67.61,59.14,58.8725,"{""approach_queue"": 3.0, ""exit_competition"": 1.0, ""maneuver"": 1.0, ""path_conflict"": 1.0, ""remaining_path"": 0.0, ""same_direction_backlog"": 0.0, ""waiting"": 1.0}"
approach_queue,3.25,58.8725,54.52,54.22,67.61,59.14,58.8725,"{""approach_queue"": 3.25, ""exit_competition"": 1.0, ""maneuver"": 1.0, ""path_conflict"": 1.0, ""remaining_path"": 0.0, ""same_direction_backlog"": 0.0, ""waiting"": 1.0}"
approach_queue,3.5,58.8725,54.52,54.22,67.61,59.14,58.8725,"{""approach_queue"": 3.5, ""exit_competition"": 1.0, ""maneuver"": 1.0, ""path_conflict"": 1.0, ""remaining_path"": 0.0, ""same_direction_backlog"": 0.0, ""waiting"": 1.0}"
approach_queue,3.75,58.8725,54.52,54.22,67.61,59.14,58.8725,"{""approach_queue"": 3.75, ""exit_competition"": 1.0, ""maneuver"": 1.0, ""path_conflict"": 1.0, ""remaining_path"": 0.0, ""same_direction_backlog"": 0.0, ""waiting"": 1.0}"
approach_queue,4.0,58.8725,54.52,54.22,67.61,59.14,58.8725,"{""approach_queue"": 4.0, ""exit_competition"": 1.0, ""maneuver"": 1.0, ""path_conflict"": 1.0, ""remaining_path"": 0.0, ""same_direction_backlog"": 0.0, ""waiting"": 1.0}"
approach_queue,4.25,58.8725,54.52,54.22,67.61,59.14,58.8725,"{""approach_queue"": 4.25, ""exit_competition"": 1.0, ""maneuver"": 1.0, ""path_conflict"": 1.0, ""remaining_path"": 0.0, ""same_direction_backlog"": 0.0, ""waiting"": 1.0}"
approach_queue,4.5,58.8725,54.52,54.22,67.61,59.14,58.8725,"{""approach_queue"": 4.5, ""exit_competition"": 1.0, ""maneuver"": 1.0, ""path_conflict"": 1.0, ""remaining_path"": 0.0, ""same_direction_backlog"": 0.0, ""waiting"": 1.0}"
approach_queue,4.75,58.8725,54.52,54.22,67.61,59.14,58.8725,"{""approach_queue"": 4.75, ""exit_competition"": 1.0, ""maneuver"": 1.0, ""path_conflict"": 1.0, ""remaining_path"": 0.0, ""same_direction_backlog"": 0.0, ""waiting"": 1.0}"
approach_queue,5.0,58.8725,54.52,54.22,67.61,59.14,58.8725,"{""approach_queue"": 5.0, ""exit_competition"": 1.0, ""maneuver"": 1.0, ""path_conflict"": 1.0, ""remaining_path"": 0.0, ""same_direction_backlog"": 0.0, ""waiting"": 1.0}"
approach_queue,5.25,58.8725,54.52,54.22,67.61,59.14,58.8725,"{""approach_queue"": 5.25, ""exit_competition"": 1.0, ""maneuver"": 1.0, ""path_conflict"": 1.0, ""remaining_path"": 0.0, ""same_direction_backlog"": 0.0, ""waiting"": 1.0}"
approach_queue,5.5,58.8725,54.52,54.22,67.61,59.14,58.8725,"{""approach_queue"": 5.5, ""exit_competition"": 1.0, ""maneuver"": 1.0, ""path_conflict"": 1.0, ""remaining_path"": 0.0, ""same_direction_backlog"": 0.0, ""waiting"": 1.0}"
approach_queue,5.75,58.8725,54.52,54.22,67.61,59.14,58.8725,"{""approach_queue"": 5.75, ""exit_competition"": 1.0, ""maneuver"": 1.0, ""path_conflict"": 1.0, ""remaining_path"": 0.0, ""same_direction_backlog"": 0.0, ""waiting"": 1.0}"
approach_queue,6.0,58.8725,54.52,54.22,67.61,59.14,58.8725,"{""approach_queue"": 6.0, ""exit_competition"": 1.0, ""maneuver"": 1.0, ""path_conflict"": 1.0, ""remaining_path"": 0.0, ""same_direction_backlog"": 0.0, ""waiting"": 1.0}"
approach_queue,6.25,58.8725,54.52,54.22,67.61,59.14,58.8725,"{""approach_queue"": 6.25, ""exit_competition"": 1.0, ""maneuver"": 1.0, ""path_conflict"": 1.0, ""remaining_path"": 0.0, ""same_direction_backlog"": 0.0, ""waiting"": 1.0}"
approach_queue,6.5,58.8725,54.52,54.22,67.61,59.14,58.8725,"{""approach_queue"": 6.5, ""exit_competition"": 1.0, ""maneuver"": 1.0, ""path_conflict"": 1.0, ""remaining_path"": 0.0, ""same_direction_backlog"": 0.0, ""waiting"": 1.0}"
approach_queue,6.75,58.8725,54.52,54.22,67.61,59.14,58.8725,"{""approach_queue"": 6.75, ""exit_competition"": 1.0, ""maneuver"": 1.0, ""path_conflict"": 1.0, ""remaining_path"": 0.0, ""same_direction_backlog"": 0.0, ""waiting"": 1.0}"
approach_queue,7.0,58.8725,54.52,54.22,67.61,59.14,58.8725,"{""approach_queue"": 7.0, ""exit_competition"": 1.0, ""maneuver"": 1.0, ""path_conflict"": 1.0, ""remaining_path"": 0.0, ""same_direction_backlog"": 0.0, ""waiting"": 1.0}"
approach_queue,7.25,58.8725,54.52,54.22,67.61,59.14,58.8725,"{""approach_queue"": 7.25, ""exit_competition"": 1.0, ""maneuver"": 1.0, ""path_conflict"": 1.0, ""remaining_path"": 0.0, ""same_direction_backlog"": 0.0, ""waiting"": 1.0}"
approach_queue,7.5,58.8725,54.52,54.22,67.61,59.14,58.8725,"{""approach_queue"": 7.5, ""exit_competition"": 1.0, ""maneuver"": 1.0, ""path_conflict"": 1.0, ""remaining_path"": 0.0, ""same_direction_backlog"": 0.0, ""waiting"": 1.0}"
approach_queue,7.75,58.8725,54.52,54.22,67.61,59.14,58.8725,"{""approach_queue"": 7.75, ""exit_competition"": 1.0, ""maneuver"": 1.0, ""path_conflict"": 1.0, ""remaining_path"": 0.0, ""same_direction_backlog"": 0.0, ""waiting"": 1.0}"
approach_queue,8.0,58.8725,54.52,54.22,67.61,59.14,58.8725,"{""approach_queue"": 8.0, ""exit_competition"": 1.0, ""maneuver"": 1.0, ""path_conflict"": 1.0, ""remaining_path"": 0.0, ""same_direction_backlog"": 0.0, ""waiting"": 1.0}"
approach_queue,8.25,58.8725,54.52,54.22,67.61,59.14,58.8725,"{""approach_queue"": 8.25, ""exit_competition"": 1.0, ""maneuver"": 1.0, ""path_conflict"": 1.0, ""remaining_path"": 0.0, ""same_direction_backlog"": 0.0, ""waiting"": 1.0}"
approach_queue,8.5,58.8725,54.52,54.22,67.61,59.14,58.8725,"{""approach_queue"": 8.5, ""exit_competition"": 1.0, ""maneuver"": 1.0, ""path_conflict"": 1.0, ""remaining_path"": 0.0, ""same_direction_backlog"": 0.0, ""waiting"": 1.0}"
approach_queue,8.75,58.8725,54.52,54.22,67.61,59.14,58.8725,"{""approach_queue"": 8.75, ""exit_competition"": 1.0, ""maneuver"": 1.0, ""path_conflict"": 1.0, ""remaining_path"": 0.0, ""same_direction_backlog"": 0.0, ""waiting"": 1.0}"
approach_queue,9.0,58.8725,54.52,54.22,67.61,59.14,58.8725,"{""approach_queue"": 9.0, ""exit_competition"": 1.0, ""maneuver"": 1.0, ""path_conflict"": 1.0, ""remaining_path"": 0.0, ""same_direction_backlog"": 0.0, ""waiting"": 1.0}"
approach_queue,9.25,58.8725,54.52,54.22,67.61,59.14,58.8725,"{""approach_queue"": 9.25, ""exit_competition"": 1.0, ""maneuver"": 1.0, ""path_conflict"": 1.0, ""remaining_path"": 0.0, ""same_direction_backlog"": 0.0, ""waiting"": 1.0}"
approach_queue,9.5,58.8725,54.52,54.22,67.61,59.14,58.8725,"{""approach_queue"": 9.5, ""exit_competition"": 1.0, ""maneuver"": 1.0, ""path_conflict"": 1.0, ""remaining_path"": 0.0, ""same_direction_backlog"": 0.0, ""waiting"": 1.0}"
approach_queue,9.75,58.8725,54.52,54.22,67.61,59.14,58.8725,"{""approach_queue"": 9.75, ""exit_competition"": 1.0, ""maneuver"": 1.0, ""path_conflict"": 1.0, ""remaining_path"": 0.0, ""same_direction_backlog"": 0.0, ""waiting"": 1.0}"
approach_queue,10.0,58.8725,54.52,54.22,67.61,59.14,58.8725,"{""approach_queue"": 10.0, ""exit_competition"": 1.0, ""maneuver"": 1.0, ""path_conflict"": 1.0, ""remaining_path"": 0.0, ""same_direction_backlog"": 0.0, ""waiting"": 1.0}"
